province,Latitude,Longitude
Sichuan,26.253456,116.660872
Sichuan,30.650211,104.072192
Sichuan,30.655206,104.084501
Sichuan,30.656407,104.077583
Sichuan,30.671227,104.075579
Sichuan,30.673872,104.073027
Sichuan,30.67405,104.061542
Sichuan,30.664517,104.062414
Sichuan,30.659952,104.041408
Sichuan,30.660716,104.059172
Sichuan,30.659957,104.041405
Sichuan,30.661908,104.070505
Sichuan,30.673872,104.073027
Sichuan,30.656652,104.062857
Sichuan,30.671485,104.074439
Sichuan,30.666737,104.068635
Sichuan,30.777342,104.118616
Sichuan,30.72423,104.008893
Sichuan,30.563789,104.045812
Sichuan,30.563789,104.045812
Sichuan,30.707291,104.10613
Sichuan,30.7036,104.17554
Sichuan,30.493537,104.353353
Sichuan,30.640082,104.323153
Sichuan,30.67459,104.371061
Sichuan,30.856071,104.32279
Sichuan,30.825296,104.154078
Sichuan,30.783634,104.159427
Sichuan,30.828697,104.170256
Sichuan,30.872654,104.017832
Sichuan,30.828618,104.161649
Sichuan,30.71207,103.86584
Sichuan,30.71932,104.558752
Sichuan,30.86259,104.49433
Sichuan,30.715837,104.552496
Sichuan,30.52054,104.837212
Sichuan,30.740653,104.486139
Sichuan,30.740653,104.486139
Sichuan,30.697544,104.55637
Sichuan,30.6205,104.501
Sichuan,30.557577,104.015791
Sichuan,30.532906,103.909164
Sichuan,30.442455,104.154063
Sichuan,30.55829,104.08782
Sichuan,30.315323,103.983326
Sichuan,30.557577,104.015791
Sichuan,30.315323,103.983326
Sichuan,30.283226,104.122786
Sichuan,30.518395,104.016752
Sichuan,30.542277,103.84715
Sichuan,30.57418,103.923713
Sichuan,30.499753,104.048683
Sichuan,30.3089,104.153
Sichuan,30.578316,103.824047
Sichuan,30.512149,104.047566
Sichuan,30.3089,104.153
Sichuan,30.557577,104.015791
Sichuan,30.860987,103.810413
Sichuan,30.80999,103.968927
Sichuan,30.914979,103.772116
Sichuan,30.925804,103.821828
Sichuan,30.761432,103.929274
Sichuan,30.571639,103.47368
Sichuan,30.4576,103.703072
Sichuan,30.585706,103.263337
Sichuan,30.685496,103.390574
Sichuan,30.589221,103.343149
Sichuan,30.63519,103.40477
Sichuan,30.68135,103.534114
Sichuan,30.58587,103.523061
Sichuan,30.571639,103.47368
Sichuan,30.540315,103.221681
Sichuan,30.554389,103.36999
Sichuan,30.711446,103.466155
Sichuan,30.296046,103.634637
Sichuan,30.253343,103.612138
Sichuan,30.138365,103.443071
Sichuan,30.138365,103.443071
Sichuan,30.138365,103.443071
Sichuan,30.119869,103.406016
Sichuan,30.168279,103.437405
Sichuan,30.209777,103.416403
Sichuan,30.196814,103.506485
Sichuan,30.123946,103.420656
Sichuan,30.398429,103.801505
Sichuan,30.3782,103.7864
Sichuan,30.395059,103.74734
Sichuan,30.398429,103.801505
Sichuan,30.445499,103.796988
Sichuan,30.395335,103.865373
Sichuan,30.445499,103.796988
Sichuan,30.353543,103.821895
Sichuan,30.48925,103.775178
Sichuan,30.473013,103.762404
Sichuan,30.989529,103.626134
Sichuan,30.897341,103.594864
Sichuan,30.897341,103.594864
Sichuan,30.897341,103.594864
Sichuan,30.897341,103.594864
Sichuan,30.996783,103.616109
Sichuan,30.897341,103.594864
Sichuan,30.897341,103.594864
Sichuan,30.897341,103.594864
Sichuan,30.874091,103.526168
Sichuan,31.04635,103.663344
Sichuan,30.791377,103.647949
Sichuan,30.893966,103.709274
Sichuan,30.897341,103.594864
Sichuan,30.88183,103.589842
Sichuan,30.880938,103.594661
Sichuan,30.897341,103.594864
Sichuan,30.91927,103.62057
Sichuan,30.91945,103.621159
Sichuan,30.906039,103.725029
Sichuan,31.023533,103.592027
Sichuan,31.05059,103.703545
Sichuan,30.897341,103.594864
Sichuan,30.991932,103.61954
Sichuan,30.897341,103.594864
Sichuan,30.824961,103.60855
Sichuan,30.835053,103.579948
Sichuan,30.897341,103.594864
Sichuan,30.921875,103.490017
Sichuan,31.3816,103.8709
Sichuan,30.995454,104.149512
Sichuan,30.960738,104.126288
Sichuan,31.067054,103.830108
Sichuan,31.067054,103.830108
Sichuan,31.169409,103.808812
Sichuan,31.3816,103.8709
Sichuan,30.94871,103.926261
Sichuan,30.948057,103.804235
Sichuan,31.254475,103.809242
Sichuan,31.056511,103.852941
Sichuan,31.013045,103.77298
Sichuan,30.990786,103.970571
Sichuan,31.158063,103.950272
Sichuan,31.081352,103.850666
Sichuan,31.081352,103.850666
Sichuan,31.140197,103.810995
Sichuan,31.101224,103.779794
Sichuan,31.141881,103.843875
Sichuan,31.210119,103.915319
Sichuan,30.988087,103.941712
Sichuan,30.989452,103.942507
Sichuan,30.969597,103.871664
Sichuan,31.20693,103.91667
Sichuan,31.072623,103.850633
Sichuan,30.982929,103.78724
Sichuan,30.99013,104.03332
Sichuan,31.2821,103.823
Sichuan,31.081352,103.850666
Sichuan,30.976344,103.936522
Sichuan,30.976344,103.936522
Sichuan,31.100659,103.894698
Sichuan,31.081352,103.850666
Sichuan,31.3816,103.8709
Sichuan,31.12024,103.85099
Sichuan,30.985847,104.009492
Sichuan,31.065471,103.84532
Sichuan,30.416091,103.423173
Sichuan,30.732793,103.626499
Sichuan,30.545115,103.767578
Sichuan,30.728899,103.572819
Sichuan,30.632501,103.685329
Sichuan,30.781209,103.544482
Sichuan,30.798463,103.520188
Sichuan,30.780411,103.562175
Sichuan,30.816696,103.531887
Sichuan,30.750628,103.696617
Sichuan,30.663995,103.607034
Sichuan,30.742599,103.521462
Sichuan,30.622254,103.681538
Sichuan,29.358298,104.774818
Sichuan,29.34547,104.76841
Sichuan,29.347775,104.762014
Sichuan,29.373682,104.79845
Sichuan,29.432229,104.797765
Sichuan,29.38534,104.805796
Sichuan,29.333996,104.75349
Sichuan,29.451561,104.8782
Sichuan,29.287997,104.609353
Sichuan,29.454731,104.424529
Sichuan,29.437221,104.26552
Sichuan,29.452381,104.41897
Sichuan,29.300324,104.578893
Sichuan,29.447218,104.226096
Sichuan,29.308187,104.49584
Sichuan,29.553356,104.472383
Sichuan,29.445521,104.417344
Sichuan,29.188115,104.995879
Sichuan,29.18143,104.975048
Sichuan,29.034125,105.066759
Sichuan,29.081978,105.098157
Sichuan,29.373054,105.026952
Sichuan,29.472297,105.052708
Sichuan,26.549377,101.700933
Sichuan,26.594529,101.59377
Sichuan,26.599045,101.493045
Sichuan,26.547423,101.80338
Sichuan,26.707323,101.557454
Sichuan,26.50578,101.73134
Sichuan,26.783425,102.076551
Sichuan,27.09485,101.852324
Sichuan,26.941899,102.199416
Sichuan,26.817599,102.027296
Sichuan,27.02438,102.060748
Sichuan,26.89428,102.113461
Sichuan,27.022946,102.153812
Sichuan,26.783425,102.076551
Sichuan,27.022946,102.153812
Sichuan,26.972437,102.161075
Sichuan,26.81108,102.081974
Sichuan,26.676704,101.853521
Sichuan,26.940892,101.43809
Sichuan,28.828078,105.369917
Sichuan,28.859683,105.452482
Sichuan,28.855953,105.426806
Sichuan,28.811868,105.33814
Sichuan,28.890844,105.567386
Sichuan,28.784938,105.362864
Sichuan,28.854357,105.414025
Sichuan,28.785839,105.285757
Sichuan,28.853505,105.502132
Sichuan,28.900794,105.283764
Sichuan,28.890844,105.567386
Sichuan,28.783855,105.237412
Sichuan,28.820333,105.322883
Sichuan,28.86693,105.414926
Sichuan,28.872792,105.346761
Sichuan,28.889421,105.454303
Sichuan,28.855953,105.426806
Sichuan,28.892725,105.448615
Sichuan,28.826603,105.364131
Sichuan,28.891174,105.495337
Sichuan,28.913251,105.437782
Sichuan,28.913251,105.437782
Sichuan,28.724079,105.40868
Sichuan,28.961455,105.428269
Sichuan,28.954963,105.514077
Sichuan,28.917563,105.473316
Sichuan,29.018496,105.69546
Sichuan,29.146187,105.383377
Sichuan,29.000246,105.576702
Sichuan,29.164978,105.282857
Sichuan,28.655643,105.658407
Sichuan,28.810785,105.827493
Sichuan,28.932421,105.740974
Sichuan,28.80783,105.78851
Sichuan,28.740508,105.644587
Sichuan,28.1657,105.4424
Sichuan,28.152363,105.397608
Sichuan,28.164571,105.440758
Sichuan,28.155821,105.444722
Sichuan,28.186553,105.468783
Sichuan,28.16314,105.43705
Sichuan,27.856221,106.263814
Sichuan,28.075216,105.864834
Sichuan,31.131259,104.361359
Sichuan,31.127957,104.424045
Sichuan,31.217917,104.373909
Sichuan,31.126652,104.398041
Sichuan,31.124561,104.386396
Sichuan,31.124561,104.386396
Sichuan,31.142368,104.416902
Sichuan,31.135149,104.391124
Sichuan,30.883008,104.784134
Sichuan,31.026494,104.671343
Sichuan,30.689748,105.131743
Sichuan,31.286346,104.509732
Sichuan,31.263297,104.487363
Sichuan,31.328924,104.403269
Sichuan,31.384671,104.54614
Sichuan,31.271809,104.463373
Sichuan,31.296391,104.502605
Sichuan,31.129767,104.277921
Sichuan,30.9719,104.2402
Sichuan,30.974518,104.336327
Sichuan,30.953287,104.359883
Sichuan,31.043501,104.222562
Sichuan,30.930681,104.297928
Sichuan,31.136659,104.279275
Sichuan,31.11178,104.29521
Sichuan,30.992513,104.299567
Sichuan,31.241603,104.02915
Sichuan,31.314423,104.016126
Sichuan,31.314423,104.016126
Sichuan,31.314423,104.016126
Sichuan,31.356208,104.024559
Sichuan,31.126643,104.170872
Sichuan,31.163118,104.064426
Sichuan,31.273228,104.038328
Sichuan,31.191976,104.055256
Sichuan,31.245116,104.059829
Sichuan,31.255436,103.975833
Sichuan,31.231916,104.009335
Sichuan,31.311859,104.019059
Sichuan,31.29137,104.062823
Sichuan,31.34937,104.200775
Sichuan,31.206118,104.184687
Sichuan,31.369772,104.182344
Sichuan,31.344722,104.199037
Sichuan,31.337171,104.219291
Sichuan,31.436416,104.16602
Sichuan,31.450833,104.166757
Sichuan,31.402228,104.183609
Sichuan,31.379787,104.294362
Sichuan,31.419034,104.14593
Sichuan,31.344008,104.195958
Sichuan,31.455615,104.741969
Sichuan,31.455101,104.756944
Sichuan,31.489662,104.739281
Sichuan,31.456981,104.750761
Sichuan,31.448136,104.74674
Sichuan,31.477341,104.686635
Sichuan,31.353509,104.824566
Sichuan,31.448136,104.74674
Sichuan,31.448786,104.761644
Sichuan,31.455567,104.758063
Sichuan,31.473475,104.704601
Sichuan,31.391501,104.701409
Sichuan,31.489662,104.739281
Sichuan,31.085789,105.087886
Sichuan,31.0903,105.0924
Sichuan,31.090385,105.092691
Sichuan,31.089376,105.092127
Sichuan,31.34892,105.19734
Sichuan,31.089376,105.092127
Sichuan,31.014231,104.862653
Sichuan,31.081872,105.084594
Sichuan,30.782796,105.09165
Sichuan,31.001973,105.057213
Sichuan,31.328542,104.961023
Sichuan,31.014231,104.862653
Sichuan,31.085789,105.087886
Sichuan,31.014231,104.862653
Sichuan,31.075558,104.866289
Sichuan,30.942176,105.067026
Sichuan,31.014943,104.873934
Sichuan,30.851788,105.176881
Sichuan,31.306265,105.532916
Sichuan,31.223662,105.389805
Sichuan,31.42967,105.327709
Sichuan,31.223662,105.389805
Sichuan,31.42967,105.327709
Sichuan,31.189508,105.631522
Sichuan,31.305931,105.543889
Sichuan,31.285627,105.445636
Sichuan,31.450061,105.471488
Sichuan,31.450061,105.471488
Sichuan,31.186204,105.468502
Sichuan,31.294663,105.462852
Sichuan,31.271846,105.407442
Sichuan,31.271846,105.407442
Sichuan,31.258481,105.446644
Sichuan,31.306893,105.54409
Sichuan,31.26111,105.517097
Sichuan,31.223662,105.389805
Sichuan,31.271846,105.407442
Sichuan,31.395013,105.257867
Sichuan,31.271846,105.407442
Sichuan,31.214974,105.395082
Sichuan,31.415876,104.319685
Sichuan,31.547471,104.553586
Sichuan,31.500942,104.241757
Sichuan,31.504556,104.33731
Sichuan,31.580112,104.342223
Sichuan,31.642878,104.427568
Sichuan,31.632148,105.161457
Sichuan,31.710788,105.149885
Sichuan,31.640174,105.041791
Sichuan,31.824786,104.455273
Sichuan,31.779918,104.435382
Sichuan,31.782634,104.436129
Sichuan,32.405736,104.531754
Sichuan,32.406551,104.530012
Sichuan,32.111064,104.571301
Sichuan,32.42494,104.217466
Sichuan,32.405668,104.529414
Sichuan,31.841189,104.588357
Sichuan,31.809256,104.797443
Sichuan,31.782532,104.729639
Sichuan,31.863623,104.88406
Sichuan,31.77616,104.745626
Sichuan,32.025206,105.07768
Sichuan,31.782532,104.729639
Sichuan,31.923951,104.777403
Sichuan,31.717086,104.725389
Sichuan,31.684936,104.577263
Sichuan,31.809256,104.797443
Sichuan,31.751602,104.761663
Sichuan,31.692649,104.626465
Sichuan,31.70822,104.628968
Sichuan,31.790828,104.882107
Sichuan,32.436069,105.823591
Sichuan,32.405951,105.80105
Sichuan,32.441456,105.812943
Sichuan,32.496891,105.62361
Sichuan,32.42998,105.83286
Sichuan,32.438238,105.819934
Sichuan,32.41846,105.79877
Sichuan,32.306114,105.465761
Sichuan,32.283067,105.509421
Sichuan,32.085112,105.88028
Sichuan,32.085112,105.88028
Sichuan,32.320925,105.968769
Sichuan,32.33393,105.717092
Sichuan,32.294756,105.989554
Sichuan,32.071813,105.808186
Sichuan,32.322472,106.010719
Sichuan,32.657434,105.881905
Sichuan,32.2164,106.3183
Sichuan,32.228917,106.289905
Sichuan,32.277639,106.031316
Sichuan,32.646309,106.538489
Sichuan,32.257902,106.436894
Sichuan,32.196667,106.543891
Sichuan,32.17946,106.077046
Sichuan,32.229516,106.290858
Sichuan,32.228917,106.289905
Sichuan,32.30523,106.685245
Sichuan,32.225956,106.303145
Sichuan,32.466494,105.07464
Sichuan,32.595228,104.975229
Sichuan,32.417548,105.294785
Sichuan,32.498162,104.940499
Sichuan,32.657688,105.522184
Sichuan,32.381467,105.226176
Sichuan,32.381467,105.226176
Sichuan,32.613666,105.448727
Sichuan,32.504152,104.946165
Sichuan,32.381467,105.226176
Sichuan,32.595228,104.975229
Sichuan,32.381467,105.226176
Sichuan,32.381467,105.226176
Sichuan,32.536106,105.069666
Sichuan,32.4537,105.2145
Sichuan,32.583475,105.234029
Sichuan,31.916556,105.607327
Sichuan,32.233254,105.577534
Sichuan,31.921598,105.476256
Sichuan,31.698019,105.611868
Sichuan,32.035717,105.591378
Sichuan,31.806845,105.575231
Sichuan,31.830006,105.671614
Sichuan,31.636109,105.649791
Sichuan,32.032532,105.469547
Sichuan,31.639059,105.414198
Sichuan,31.978812,105.642924
Sichuan,31.783008,105.667813
Sichuan,32.199743,105.566847
Sichuan,31.806845,105.575231
Sichuan,31.582242,105.432649
Sichuan,31.895284,105.943481
Sichuan,32.102723,106.279896
Sichuan,30.438984,105.555639
Sichuan,30.51955,105.559597
Sichuan,30.506614,105.577988
Sichuan,30.505572,105.58137
Sichuan,30.514086,105.57205
Sichuan,30.459454,105.641282
Sichuan,30.218389,105.598343
Sichuan,30.416562,105.277085
Sichuan,30.301606,105.426704
Sichuan,30.466268,105.176152
Sichuan,30.712109,105.450712
Sichuan,30.868773,105.592911
Sichuan,30.876046,105.70679
Sichuan,30.908737,105.659591
Sichuan,30.454326,105.725149
Sichuan,30.665672,105.451742
Sichuan,30.445759,105.926249
Sichuan,30.715935,105.480302
Sichuan,30.731932,105.609049
Sichuan,30.77936,105.69356
Sichuan,30.807259,105.59609
Sichuan,30.730069,105.494565
Sichuan,30.397683,105.968176
Sichuan,30.769995,105.732382
Sichuan,30.547604,105.749162
Sichuan,30.756302,105.563319
Sichuan,30.66087,105.646391
Sichuan,30.857524,105.376419
Sichuan,30.734012,105.262175
Sichuan,31.043558,105.195048
Sichuan,30.890395,105.386143
Sichuan,31.002354,105.260891
Sichuan,31.043558,105.195048
Sichuan,30.973022,105.27532
Sichuan,30.948772,105.341255
Sichuan,30.87779,105.388751
Sichuan,30.861564,105.383133
Sichuan,30.985937,105.287834
Sichuan,30.954759,105.485765
Sichuan,30.87779,105.388751
Sichuan,31.036966,105.372095
Sichuan,30.719978,105.406967
Sichuan,31.043558,105.195048
Sichuan,30.868851,105.381444
Sichuan,30.975382,105.199313
Sichuan,30.993595,105.349922
Sichuan,30.871128,105.388396
Sichuan,30.789476,105.423114
Sichuan,30.89456,105.519194
Sichuan,31.043558,105.195048
Sichuan,30.775025,105.460233
Sichuan,30.890395,105.386143
Sichuan,30.985868,105.291025
Sichuan,30.681701,105.353109
Sichuan,30.868851,105.381444
Sichuan,30.871128,105.388396
Sichuan,30.871014,105.387271
Sichuan,30.948772,105.341255
Sichuan,30.928604,105.404038
Sichuan,30.905904,105.222758
Sichuan,30.8478,105.382187
Sichuan,31.043558,105.195048
Sichuan,30.583799,105.248209
Sichuan,30.683801,105.275056
Sichuan,30.616927,105.151638
Sichuan,30.563507,105.250377
Sichuan,30.608651,105.363323
Sichuan,29.59253,105.04067
Sichuan,29.589867,105.042613
Sichuan,29.505208,105.187201
Sichuan,29.595932,105.063097
Sichuan,29.671647,105.123536
Sichuan,29.733134,105.275067
Sichuan,29.577794,105.08132
Sichuan,29.723731,105.300056
Sichuan,29.592756,105.07549
Sichuan,29.592756,105.07549
Sichuan,29.592756,105.07549
Sichuan,29.506755,104.796756
Sichuan,29.407845,104.68108
Sichuan,29.781383,104.854742
Sichuan,29.775701,104.939525
Sichuan,29.806819,104.573324
Sichuan,29.814655,104.563262
Sichuan,29.829336,104.508679
Sichuan,29.829092,104.520019
Sichuan,29.59962,104.805822
Sichuan,29.617357,104.758048
Sichuan,29.984169,104.477987
Sichuan,29.621603,104.725962
Sichuan,29.930241,104.63232
Sichuan,29.930241,104.63232
Sichuan,29.942562,104.659225
Sichuan,29.829336,104.508679
Sichuan,29.829336,104.508679
Sichuan,29.9388,104.6523
Sichuan,29.87518,105.03917
Sichuan,29.602308,104.805785
Sichuan,29.945843,105.010943
Sichuan,29.829336,104.508679
Sichuan,29.302304,105.348971
Sichuan,29.425235,105.359914
Sichuan,29.384483,105.216054
Sichuan,29.352471,105.286555
Sichuan,29.327445,105.145119
Sichuan,29.319863,105.392643
Sichuan,29.384882,105.116183
Sichuan,29.369643,105.179835
Sichuan,29.336594,105.284456
Sichuan,29.34141,105.2882
Sichuan,29.425016,105.21778
Sichuan,29.560301,103.768528
Sichuan,29.563431,103.767486
Sichuan,29.596923,103.645475
Sichuan,29.621319,103.766695
Sichuan,29.673496,103.917389
Sichuan,29.551817,103.765615
Sichuan,29.531177,103.739919
Sichuan,29.49949,103.617231
Sichuan,29.370273,103.536711
Sichuan,29.296029,103.666426
Sichuan,29.44983,103.557923
Sichuan,29.437664,103.815503
Sichuan,29.406729,103.818393
Sichuan,29.409892,103.83134
Sichuan,29.404243,103.814117
Sichuan,29.404243,103.814117
Sichuan,29.404243,103.814117
Sichuan,29.426991,103.865844
Sichuan,29.428872,103.697368
Sichuan,29.362265,103.793937
Sichuan,29.404243,103.814117
Sichuan,29.238548,103.079257
Sichuan,29.373026,103.065992
Sichuan,29.367635,104.053443
Sichuan,29.381792,104.022068
Sichuan,29.217091,103.936509
Sichuan,29.146931,103.916217
Sichuan,29.241077,103.933119
Sichuan,29.666019,104.062515
Sichuan,29.737532,103.571461
Sichuan,29.694977,103.366271
Sichuan,29.705003,103.602272
Sichuan,29.700082,103.335595
Sichuan,28.952562,103.915445
Sichuan,28.95532,103.90313
Sichuan,29.256637,103.277456
Sichuan,29.106386,103.169052
Sichuan,29.253847,103.506549
Sichuan,29.599967,103.583691
Sichuan,29.601705,103.490254
Sichuan,29.600771,103.485501
Sichuan,29.603545,103.48342
Sichuan,29.601199,103.484504
Sichuan,30.785283,106.081553
Sichuan,30.957325,106.116867
Sichuan,30.786479,106.087077
Sichuan,30.786479,106.087077
Sichuan,30.786479,106.087077
Sichuan,30.801454,106.036255
Sichuan,30.786456,106.102851
Sichuan,30.623986,106.140301
Sichuan,30.744557,106.172631
Sichuan,30.739092,106.093036
Sichuan,30.810802,106.179643
Sichuan,30.778626,106.222104
Sichuan,30.837592,105.830435
Sichuan,30.91613,104.04931
Sichuan,30.831958,103.572965
Sichuan,30.831958,103.572965
Sichuan,30.571227,106.079271
Sichuan,31.358984,106.081253
Sichuan,31.352222,106.066325
Sichuan,31.347412,106.068655
Sichuan,31.235553,105.854181
Sichuan,31.076458,106.565473
Sichuan,31.076458,106.565473
Sichuan,31.06932,106.568499
Sichuan,30.962121,106.440855
Sichuan,31.272071,106.288891
Sichuan,31.519256,106.409795
Sichuan,31.518445,106.639038
Sichuan,31.141086,105.970901
Sichuan,30.985626,105.746332
Sichuan,31.030106,105.977958
Sichuan,31.170789,105.940166
Sichuan,31.18017,105.744785
Sichuan,31.165884,105.784558
Sichuan,31.163539,105.861335
Sichuan,30.99361,105.888813
Sichuan,31.073208,105.772741
Sichuan,30.963713,105.973402
Sichuan,30.997257,105.888258
Sichuan,30.994031,105.885812
Sichuan,30.994031,105.885812
Sichuan,30.116489,103.703813
Sichuan,29.923006,103.750567
Sichuan,30.042345,103.831752
Sichuan,29.745282,104.372772
Sichuan,30.042453,104.315534
Sichuan,29.999181,104.129673
Sichuan,29.93387,104.323109
Sichuan,29.880187,104.178727
Sichuan,30.006174,104.25717
Sichuan,29.739297,104.337313
Sichuan,30.047685,104.06902
Sichuan,29.999181,104.129673
Sichuan,30.170038,104.003156
Sichuan,30.257206,104.208671
Sichuan,30.002838,104.127649
Sichuan,29.84487,104.214057
Sichuan,30.286716,103.68733
Sichuan,30.259563,103.672551
Sichuan,30.305239,103.762093
Sichuan,30.323133,103.860693
Sichuan,30.239937,103.973978
Sichuan,30.221679,103.929924
Sichuan,30.221679,103.929924
Sichuan,30.191399,103.874534
Sichuan,30.200544,103.797713
Sichuan,30.278693,103.730566
Sichuan,29.90281,103.37253
Sichuan,29.907687,103.374907
Sichuan,29.90489,103.372863
Sichuan,29.917318,103.390096
Sichuan,30.018193,103.44755
Sichuan,30.004158,103.525046
Sichuan,30.014897,103.338042
Sichuan,29.915288,103.570987
Sichuan,30.048748,103.333084
Sichuan,30.053772,103.354214
Sichuan,29.752543,103.849565
Sichuan,29.752543,103.849565
Sichuan,29.800284,103.819844
Sichuan,29.831727,103.815547
Sichuan,29.900992,103.81264
Sichuan,29.831389,103.84656
Sichuan,29.889284,103.967184
Sichuan,28.594469,104.862561
Sichuan,28.76569,104.620009
Sichuan,28.76569,104.620009
Sichuan,28.77116,104.627375
Sichuan,28.790235,104.598523
Sichuan,28.806403,104.806049
Sichuan,28.76569,104.620009
Sichuan,28.763487,104.62331
Sichuan,28.761725,104.618057
Sichuan,28.642683,104.87031
Sichuan,28.769589,104.623982
Sichuan,28.76569,104.620009
Sichuan,28.771673,104.636061
Sichuan,28.766284,104.610059
Sichuan,29.005184,104.210016
Sichuan,29.033357,104.898185
Sichuan,28.799751,104.968801
Sichuan,28.843916,104.974684
Sichuan,28.419493,104.600568
Sichuan,28.682832,104.798665
Sichuan,28.69366,104.763966
Sichuan,28.555228,104.750849
Sichuan,28.018279,104.897779
Sichuan,28.477503,104.711642
Sichuan,28.477503,104.711642
Sichuan,28.3923,104.7814
Sichuan,28.158128,104.505998
Sichuan,28.156057,104.583502
Sichuan,28.098203,104.581633
Sichuan,28.35751,105.094365
Sichuan,28.129757,105.168315
Sichuan,28.170255,105.301861
Sichuan,28.303739,105.236353
Sichuan,28.312582,105.245277
Sichuan,30.467287,106.640602
Sichuan,30.47542,106.64038
Sichuan,30.473848,106.643027
Sichuan,30.530621,106.424895
Sichuan,30.43001,106.484747
Sichuan,30.358032,106.569824
Sichuan,30.534477,106.438993
Sichuan,30.537389,106.438678
Sichuan,30.412851,106.362732
Sichuan,30.348765,106.268991
Sichuan,30.348082,106.295506
Sichuan,30.387313,106.041734
Sichuan,30.441908,106.014802
Sichuan,30.348082,106.295506
Sichuan,30.347827,106.293939
Sichuan,30.386658,106.190472
Sichuan,30.080426,106.706628
Sichuan,30.120952,106.97176
Sichuan,30.204895,107.017547
Sichuan,30.336193,106.943125
Sichuan,30.123278,106.810588
Sichuan,30.346717,106.933569
Sichuan,30.336193,106.943125
Sichuan,30.11639,106.733633
Sichuan,30.080426,106.706628
Sichuan,30.338289,106.933113
Sichuan,30.252925,106.971229
Sichuan,30.125285,106.882932
Sichuan,30.165359,106.802912
Sichuan,30.131992,106.748224
Sichuan,30.403581,107.17603
Sichuan,31.021407,107.581171
Sichuan,31.377721,107.645728
Sichuan,30.964442,107.251224
Sichuan,30.744238,107.114532
Sichuan,30.735731,107.202039
Sichuan,30.744238,107.114532
Sichuan,30.707075,107.195724
Sichuan,30.733297,107.206079
Sichuan,30.836282,106.973224
Sichuan,30.682566,106.954613
Sichuan,29.98789,102.994646
Sichuan,30.01792,103.024058
Sichuan,29.974117,103.019053
Sichuan,29.979825,103.021436
Sichuan,29.985105,102.998092
Sichuan,30.079523,103.064664
Sichuan,30.057047,103.061515
Sichuan,29.781567,102.871339
Sichuan,29.351675,102.678068
Sichuan,30.698109,102.746761
Sichuan,31.848339,106.763521
Sichuan,31.866737,106.793036
Sichuan,31.770284,106.642559
Sichuan,31.85591,106.418863
Sichuan,31.783539,106.643073
Sichuan,31.770351,106.924978
Sichuan,31.773135,106.651364
Sichuan,31.770351,106.924978
Sichuan,32.661509,106.733941
Sichuan,32.372514,106.846903
Sichuan,31.973761,106.647347
Sichuan,32.194797,106.938637
Sichuan,32.092631,106.843236
Sichuan,32.346705,106.839975
Sichuan,32.226425,106.777204
Sichuan,32.351776,106.834397
Sichuan,32.261957,106.685834
Sichuan,32.355931,106.853305
Sichuan,32.194797,106.938637
Sichuan,30.097391,104.500916
Sichuan,29.989963,104.911701
Sichuan,30.176777,104.491845
Sichuan,30.128762,104.474448
Sichuan,30.13276,104.531164
Sichuan,30.123212,104.659261
Sichuan,30.181734,104.780179
Sichuan,30.172668,104.599712
Sichuan,30.070209,104.654138
Sichuan,30.123212,104.659261
Sichuan,30.036227,105.626569
Sichuan,30.065204,105.170943
Sichuan,30.093928,105.323494
Sichuan,30.05595,105.331074
Sichuan,29.793544,105.477103
Sichuan,29.933115,105.385464
Sichuan,30.069528,105.563989
Sichuan,30.137846,105.031414
Sichuan,30.211548,104.955379
Sichuan,30.414537,105.048405
Sichuan,30.368561,104.993105
Sichuan,30.450061,105.027146
Sichuan,30.464399,105.004092
Sichuan,30.277464,105.00558
Sichuan,30.262301,104.846378
Sichuan,30.277637,105.026229
Sichuan,30.219696,104.892606
Sichuan,30.334918,105.044773
Sichuan,30.454416,105.039552
Sichuan,30.271129,104.871526
Sichuan,30.524656,105.020712
Sichuan,30.35034,105.011043
Sichuan,30.22872,104.936819
Sichuan,30.491405,104.915864
Sichuan,30.304822,104.933501
Sichuan,30.295428,105.112135
Sichuan,30.2833,104.932665
Sichuan,30.431306,104.90388
Sichuan,30.332322,105.133511
Sichuan,30.211548,104.955379
Sichuan,30.255766,104.973874
Sichuan,30.341096,105.113695
Sichuan,30.14806,105.086007
Sichuan,30.469382,105.046693
Sichuan,30.314508,105.152854
Sichuan,30.273326,105.035803
Sichuan,30.404645,105.028094
Sichuan,30.303799,105.034663
Sichuan,30.574298,104.897535
Sichuan,30.355596,104.839683
Sichuan,30.394378,104.531284
Sichuan,30.421032,104.808552
Sichuan,30.383901,104.556318
Sichuan,30.504761,104.476439
Sichuan,30.449558,104.574738
Sichuan,30.383257,104.542788
Sichuan,30.380149,104.669572
Sichuan,30.485183,104.854098
Sichuan,30.222429,104.479877
Sichuan,30.32533,104.403527
Sichuan,30.435863,104.507818
Sichuan,30.493322,104.508126
Sichuan,30.245143,104.328159
Sichuan,31.481603,103.584752
Sichuan,30.938597,103.435804
Sichuan,31.062251,103.495269
Sichuan,31.106099,103.315404
Sichuan,30.917338,103.34415
Sichuan,31.218456,103.405129
Sichuan,31.436473,103.166853
Sichuan,31.449764,103.167265
Sichuan,31.625626,102.826821
Sichuan,31.686527,103.127947
Sichuan,32.122786,103.737259
Sichuan,32.065689,103.716042
Sichuan,31.7434,103.971155
Sichuan,31.675436,103.850288
Sichuan,31.654576,103.838297
Sichuan,32.889982,103.669778
Sichuan,32.402021,103.717997
Sichuan,32.679783,103.599344
Sichuan,32.507314,103.641715
Sichuan,32.812725,103.638099
Sichuan,32.649706,103.630077
Sichuan,32.802433,103.647855
Sichuan,32.402021,103.717997
Sichuan,32.758315,103.868387
Sichuan,32.507314,103.641715
Sichuan,32.694791,103.606621
Sichuan,32.322,103.7219
Sichuan,32.832632,103.65808
Sichuan,32.61675,103.731973
Sichuan,32.735857,103.61279
Sichuan,32.468063,103.110515
Sichuan,32.889982,103.669778
Sichuan,32.507314,103.641715
Sichuan,32.639503,103.59839
Sichuan,32.6497,104.1247
Sichuan,32.603779,103.380352
Sichuan,32.637184,103.597033
Sichuan,32.640525,103.598728
Sichuan,32.889982,103.669778
Sichuan,32.773857,103.618509
Sichuan,32.767024,103.645089
Sichuan,32.336263,103.572527
Sichuan,32.631091,103.105844
Sichuan,32.380827,103.485577
Sichuan,32.573452,103.62212
Sichuan,32.578184,103.54169
Sichuan,33.299451,103.815383
Sichuan,33.244461,103.958011
Sichuan,33.6026,103.7358
Sichuan,33.582129,103.661556
Sichuan,33.611,103.6898
Sichuan,33.639184,103.889954
Sichuan,33.587952,103.617903
Sichuan,33.560128,103.675768
Sichuan,33.587952,103.617903
Sichuan,33.323092,104.391843
Sichuan,33.266893,104.234872
Sichuan,33.266893,104.234872
Sichuan,31.638895,101.446465
Sichuan,31.622715,101.425305
Sichuan,31.817897,101.674601
Sichuan,31.815785,101.861087
Sichuan,31.567836,101.683874
Sichuan,31.811706,101.502461
Sichuan,31.561798,101.893937
Sichuan,31.61668,101.919625
Sichuan,31.733186,101.711036
Sichuan,31.281346,102.240367
Sichuan,31.464671,101.340532
Sichuan,31.675842,101.774315
Sichuan,31.514368,101.63574
Sichuan,31.791635,101.753312
Sichuan,31.638895,101.446465
Sichuan,31.331907,102.031836
Sichuan,31.563939,101.397961
Sichuan,31.481286,102.062527
Sichuan,31.542949,101.671887
Sichuan,31.798037,101.654723
Sichuan,31.638895,101.446465
Sichuan,31.828587,101.519129
Sichuan,31.382089,101.46604
Sichuan,31.767211,101.52468
Sichuan,30.963494,102.63759
Sichuan,31.137513,102.439547
Sichuan,30.997953,102.367651
Sichuan,30.786728,102.248995
Sichuan,31.44001,102.504912
Sichuan,31.138217,102.541722
Sichuan,31.047484,102.171013
Sichuan,31.283878,102.477709
Sichuan,31.426907,102.510132
Sichuan,31.024391,102.489088
Sichuan,30.997953,102.367651
Sichuan,31.057541,102.225758
Sichuan,30.983462,102.772959
Sichuan,31.380601,102.265791
Sichuan,31.215195,102.454741
Sichuan,31.426907,102.510132
Sichuan,32.057091,102.98703
Sichuan,31.984388,103.033646
Sichuan,32.057091,102.98703
Sichuan,32.087892,103.11832
Sichuan,32.244701,103.224841
Sichuan,32.063648,103.168698
Sichuan,32.0063,103.2316
Sichuan,32.123292,102.76223
Sichuan,31.968898,102.021671
Sichuan,31.878653,102.28736
Sichuan,31.901941,102.217597
Sichuan,31.989031,102.034877
Sichuan,31.834528,101.912011
Sichuan,31.915723,102.211857
Sichuan,31.881117,102.134876
Sichuan,32.231473,101.614015
Sichuan,32.231401,101.581932
Sichuan,31.989031,102.034877
Sichuan,32.211474,101.831649
Sichuan,31.901941,102.217597
Sichuan,32.220759,101.612256
Sichuan,32.220759,101.612256
Sichuan,32.210268,101.961854
Sichuan,32.248446,101.897664
Sichuan,31.881814,101.673073
Sichuan,31.824345,101.879973
Sichuan,32.198479,101.991942
Sichuan,31.659314,102.040047
Sichuan,32.249404,102.034369
Sichuan,32.215494,101.82121
Sichuan,31.843661,101.841111
Sichuan,31.872071,102.150147
Sichuan,32.149047,101.708042
Sichuan,31.846859,101.940073
Sichuan,31.941088,102.083256
Sichuan,31.783811,102.034611
Sichuan,32.249404,102.034369
Sichuan,32.280909,101.563661
Sichuan,31.933924,102.161631
Sichuan,31.781277,102.269584
Sichuan,32.132549,101.758086
Sichuan,31.999799,102.01258
Sichuan,32.149047,101.708042
Sichuan,31.919004,102.245394
Sichuan,31.838788,101.928912
Sichuan,31.893438,101.994752
Sichuan,32.218524,101.931896
Sichuan,31.855583,101.977798
Sichuan,32.162991,102.165698
Sichuan,31.864256,102.484928
Sichuan,31.888902,102.128085
Sichuan,31.8316,102.541894
Sichuan,31.858842,101.708106
Sichuan,31.929451,102.179329
Sichuan,32.1057,102.236975
Sichuan,31.857128,102.311665
Sichuan,31.919004,102.245394
Sichuan,31.912148,102.109054
Sichuan,31.855756,101.80534
Sichuan,31.950285,102.069383
Sichuan,31.863885,102.156214
Sichuan,32.00298,102.020123
Sichuan,31.888763,102.251342
Sichuan,31.850265,101.722617
Sichuan,32.281011,102.028897
Sichuan,31.659314,102.040047
Sichuan,32.21739,101.830026
Sichuan,31.989031,102.034877
Sichuan,32.238418,102.170622
Sichuan,32.265512,100.97875
Sichuan,32.265512,100.97875
Sichuan,32.391153,101.113887
Sichuan,31.982869,100.993168
Sichuan,32.386429,101.127238
Sichuan,32.265512,100.97875
Sichuan,32.287774,100.950425
Sichuan,32.267749,101.354849
Sichuan,31.982869,100.993168
Sichuan,32.067978,100.982037
Sichuan,31.776011,101.313963
Sichuan,32.067978,100.982037
Sichuan,31.781011,101.12404
Sichuan,31.76981,101.000214
Sichuan,32.265512,100.97875
Sichuan,32.348339,101.177647
Sichuan,32.402993,101.15446
Sichuan,32.265512,100.97875
Sichuan,32.473561,101.042771
Sichuan,32.396432,101.109753
Sichuan,32.4164,101.065365
Sichuan,31.914599,101.08439
Sichuan,32.480508,100.766235
Sichuan,31.982869,100.993168
Sichuan,32.56943,100.929668
Sichuan,32.319712,101.252682
Sichuan,31.787096,101.262205
Sichuan,32.287774,100.950425
Sichuan,32.512914,101.053982
Sichuan,31.75218,101.42382
Sichuan,32.495403,101.042727
Sichuan,32.515256,100.702237
Sichuan,31.776011,101.313963
Sichuan,31.809859,101.194391
Sichuan,32.332574,100.790215
Sichuan,31.871805,101.345067
Sichuan,32.400479,101.046944
Sichuan,33.044074,102.223904
Sichuan,32.63313,101.801128
Sichuan,32.940539,101.698713
Sichuan,32.905152,101.755458
Sichuan,32.779632,101.90501
Sichuan,33.019099,101.577841
Sichuan,33.044074,102.223904
Sichuan,32.938306,101.607535
Sichuan,33.447663,101.846555
Sichuan,32.992245,101.567479
Sichuan,32.742052,102.057918
Sichuan,32.742803,102.0559
Sichuan,32.990036,101.618514
Sichuan,32.907306,101.694857
Sichuan,32.905152,101.755458
Sichuan,32.715069,102.006967
Sichuan,32.527711,101.603311
Sichuan,32.956282,101.666169
Sichuan,32.612419,101.527901
Sichuan,32.727701,101.954522
Sichuan,32.805861,101.870264
Sichuan,32.956282,101.666169
Sichuan,33.019099,101.577841
Sichuan,32.801427,101.860181
Sichuan,32.990036,101.618514
Sichuan,32.902512,101.699815
Sichuan,32.992245,101.567479
Sichuan,32.942931,101.604355
Sichuan,32.858608,101.99464
Sichuan,32.855596,101.807976
Sichuan,32.71537,101.893792
Sichuan,32.612419,101.527901
Sichuan,32.82121,101.850785
Sichuan,32.603685,101.36445
Sichuan,32.612419,101.527901
Sichuan,32.910997,101.646656
Sichuan,32.903612,101.730357
Sichuan,33.044074,102.223904
Sichuan,32.903612,101.730357
Sichuan,32.905152,101.755458
Sichuan,32.779632,101.90501
Sichuan,32.903612,101.730357
Sichuan,32.82121,101.850785
Sichuan,34.157649,102.814059
Sichuan,33.576335,102.968345
Sichuan,33.566771,103.357548
Sichuan,33.789492,103.028346
Sichuan,34.141773,102.677377
Sichuan,33.673899,103.357461
Sichuan,33.600556,103.187008
Sichuan,33.765949,103.037999
Sichuan,34.152098,102.79193
Sichuan,34.058508,103.077687
Sichuan,33.42742,103.36604
Sichuan,33.31084,103.06238
Sichuan,34.259325,102.885337
Sichuan,34.028989,102.54094
Sichuan,34.141773,102.677377
Sichuan,33.475241,103.369238
Sichuan,34.1307,103.0525
Sichuan,33.710384,103.242303
Sichuan,33.632159,103.418528
Sichuan,33.576242,102.961886
Sichuan,34.058955,103.034649
Sichuan,34.099793,102.735668
Sichuan,33.441492,102.447201
Sichuan,33.681285,103.205075
Sichuan,33.31084,103.06238
Sichuan,34.118283,103.086452
Sichuan,32.785875,102.539842
Sichuan,32.785875,102.539842
Sichuan,32.785875,102.539842
Sichuan,33.1313,102.6272
Sichuan,32.790891,102.544405
Sichuan,32.444052,102.11608
Sichuan,32.799259,102.540405
Sichuan,32.461485,102.255015
Sichuan,32.798176,102.548227
Sichuan,32.444052,102.11608
Sichuan,30.317514,101.522401
Sichuan,30.317514,101.522401
Sichuan,30.048211,101.961964
Sichuan,30.03734,101.9607
Sichuan,30.05914,101.963459
Sichuan,29.4145,101.301111
Sichuan,29.773701,101.457095
Sichuan,29.4145,101.301111
Sichuan,30.05914,101.963459
Sichuan,30.317514,101.522401
Sichuan,30.017531,101.53186
Sichuan,30.049505,101.964326
Sichuan,30.247919,101.382147
Sichuan,30.317514,101.522401
Sichuan,30.336948,101.476389
Sichuan,30.317514,101.522401
Sichuan,30.048472,101.963057
Sichuan,30.317514,101.522401
Sichuan,29.359532,101.096874
Sichuan,30.317005,102.328639
Sichuan,30.31085,101.563508
Sichuan,30.052825,101.973144
Sichuan,30.037809,101.960159
Sichuan,29.813332,101.546979
Sichuan,30.317514,101.522401
Sichuan,30.523269,102.061805
Sichuan,30.172205,102.215525
Sichuan,30.048211,101.961964
Sichuan,30.308392,101.479132
Sichuan,30.045361,101.493595
Sichuan,29.996464,101.545551
Sichuan,29.97328,101.753143
Sichuan,29.470298,101.544895
Sichuan,30.430901,102.290284
Sichuan,29.967655,101.574339
Sichuan,30.326925,102.254928
Sichuan,30.024981,102.182676
Sichuan,29.757307,102.224081
Sichuan,29.824114,102.216107
Sichuan,29.757307,102.224081
Sichuan,29.810104,102.207745
Sichuan,29.903554,102.227588
Sichuan,29.707147,102.078535
Sichuan,29.912298,102.23086
Sichuan,29.954724,102.284227
Sichuan,29.61345,102.118973
Sichuan,29.912298,102.23086
Sichuan,29.751889,102.248431
Sichuan,29.684639,102.204942
Sichuan,29.954724,102.284227
Sichuan,31.074971,101.406819
Sichuan,30.87689,101.88369
Sichuan,30.600716,101.735595
Sichuan,30.791603,101.7783
Sichuan,30.895873,101.837089
Sichuan,30.788404,101.752558
Sichuan,30.845372,101.936048
Sichuan,31.226137,101.511265
Sichuan,30.856362,101.852072
Sichuan,30.853279,101.868223
Sichuan,30.992097,101.869236
Sichuan,31.054709,101.560852
Sichuan,30.960285,101.856544
Sichuan,31.107714,101.877951
Sichuan,30.928597,101.857238
Sichuan,30.890598,101.92916
Sichuan,30.861477,101.835314
Sichuan,31.003803,102.09624
Sichuan,31.232631,101.817247
Sichuan,30.896234,101.946623
Sichuan,31.226137,101.511265
Sichuan,30.788404,101.752558
Sichuan,31.055697,102.147476
Sichuan,30.997261,101.867998
Sichuan,31.133101,101.875277
Sichuan,30.930629,101.93245
Sichuan,30.936817,101.957841
Sichuan,30.997261,101.867998
Sichuan,31.138213,101.908881
Sichuan,30.856362,101.852072
Sichuan,31.31928,101.631268
Sichuan,30.848978,101.803929
Sichuan,29.13831,101.507309
Sichuan,28.96588,101.513054
Sichuan,28.898648,101.562366
Sichuan,30.031533,101.014425
Sichuan,29.847012,101.30234
Sichuan,29.580077,101.110575
Sichuan,30.276601,101.063893
Sichuan,29.748916,101.06127
Sichuan,29.967795,100.746118
Sichuan,30.031533,101.014425
Sichuan,30.100022,101.184575
Sichuan,30.221321,100.783429
Sichuan,30.027922,101.012281
Sichuan,30.061385,100.68721
Sichuan,30.324067,100.990063
Sichuan,30.103767,101.009024
Sichuan,30.188115,100.484041
Sichuan,29.760442,101.137903
Sichuan,29.586267,101.144496
Sichuan,29.826587,101.296141
Sichuan,30.111818,101.03327
Sichuan,29.859851,101.051511
Sichuan,29.709036,101.060228
Sichuan,29.492457,101.130416
Sichuan,30.031533,101.014425
Sichuan,30.3571,101.135184
Sichuan,29.528845,101.129752
Sichuan,29.61006,101.058667
Sichuan,29.858835,100.565636
Sichuan,30.391987,101.191608
Sichuan,30.027922,101.012281
Sichuan,30.015166,100.534513
Sichuan,30.378537,101.126194
Sichuan,29.381531,101.089151
Sichuan,29.909209,101.291786
Sichuan,29.675705,100.753337
Sichuan,30.535058,101.404139
Sichuan,30.534161,101.046748
Sichuan,30.483555,101.479991
Sichuan,30.641775,101.058724
Sichuan,30.867848,100.892242
Sichuan,30.867848,100.892242
Sichuan,30.567654,101.499232
Sichuan,30.483555,101.479991
Sichuan,30.872854,101.242822
Sichuan,30.742966,101.351359
Sichuan,30.482582,101.484942
Sichuan,31.285542,101.179603
Sichuan,30.616333,101.006446
Sichuan,30.439871,101.560665
Sichuan,30.975088,101.12705
Sichuan,30.757614,101.158252
Sichuan,30.503744,101.040319
Sichuan,30.856672,101.119665
Sichuan,30.985868,101.175392
Sichuan,30.567935,101.415316
Sichuan,30.641775,101.058724
Sichuan,30.815165,100.977636
Sichuan,30.943746,101.178062
Sichuan,30.556771,101.026545
Sichuan,30.567803,101.080616
Sichuan,31.223727,100.991481
Sichuan,30.938013,101.159833
Sichuan,30.832212,101.52323
Sichuan,30.725978,101.188895
Sichuan,31.038709,101.05068
Sichuan,30.803738,101.076726
Sichuan,31.31596,100.733255
Sichuan,31.653238,100.57904
Sichuan,31.411411,100.687351
Sichuan,31.744531,100.403154
Sichuan,31.529057,100.498171
Sichuan,31.546242,100.61411
Sichuan,31.483539,100.709179
Sichuan,31.39179,100.676372
Sichuan,31.2092,100.8516
Sichuan,31.423986,100.645211
Sichuan,31.660102,100.289232
Sichuan,31.487914,100.529324
Sichuan,31.776538,100.409763
Sichuan,31.447411,100.577737
Sichuan,31.483539,100.709179
Sichuan,31.776715,100.413988
Sichuan,31.703649,100.916356
Sichuan,31.744531,100.403154
Sichuan,31.251714,100.898554
Sichuan,31.6338,100.978
Sichuan,31.653238,100.57904
Sichuan,31.529057,100.498171
Sichuan,31.403222,100.20265
Sichuan,31.313053,100.247434
Sichuan,31.4021,99.9112
Sichuan,30.758044,100.768371
Sichuan,31.396068,100.210548
Sichuan,30.777759,100.045111
Sichuan,31.319149,100.023375
Sichuan,31.03784,100.319095
Sichuan,30.934883,100.180993
Sichuan,30.871478,100.131505
Sichuan,30.766589,100.169427
Sichuan,30.509867,100.538534
Sichuan,30.909473,100.322392
Sichuan,30.951013,100.198682
Sichuan,31.138467,100.311931
Sichuan,30.472783,100.567192
Sichuan,30.945029,100.491996
Sichuan,30.576983,100.302842
Sichuan,30.576327,100.30877
Sichuan,30.836232,100.116267
Sichuan,31.466492,100.112212
Sichuan,30.509867,100.538534
Sichuan,30.849351,100.16366
Sichuan,31.047727,100.311589
Sichuan,30.766589,100.169427
Sichuan,31.217833,100.287686
Sichuan,30.951013,100.198682
Sichuan,30.656268,100.273051
Sichuan,30.822892,100.155236
Sichuan,30.92191,100.272089
Sichuan,30.887751,100.074936
Sichuan,31.466492,100.112212
Sichuan,31.33001,100.224524
Sichuan,30.882673,99.796049
Sichuan,30.507639,100.718325
Sichuan,30.939169,100.311369
Sichuan,30.908849,100.322656
Sichuan,30.448716,100.487898
Sichuan,30.483428,100.50094
Sichuan,30.912071,100.252065
Sichuan,30.595811,100.177654
Sichuan,30.908849,100.322656
Sichuan,31.466492,100.112212
Sichuan,30.823648,100.688783
Sichuan,30.871478,100.131505
Sichuan,30.737225,100.146044
Sichuan,31.005826,100.336387
Sichuan,30.683394,100.201124
Sichuan,31.047727,100.311589
Sichuan,31.217833,100.287686
Sichuan,31.100264,100.312426
Sichuan,30.941882,100.3102
Sichuan,30.491503,100.450774
Sichuan,32.159246,99.327016
Sichuan,32.322756,98.901653
Sichuan,32.098624,99.451756
Sichuan,31.984278,99.514279
Sichuan,32.179416,99.338471
Sichuan,32.246269,99.294528
Sichuan,32.444357,99.096269
Sichuan,32.0017,99.4405
Sichuan,31.926126,99.204358
Sichuan,32.473224,99.073324
Sichuan,31.918913,98.428157
Sichuan,32.262865,98.880643
Sichuan,31.922748,98.453684
Sichuan,31.91691,99.202518
Sichuan,32.2529,99.2908
Sichuan,32.4938,98.993945
Sichuan,31.958261,98.765344
Sichuan,31.906373,98.565665
Sichuan,31.970972,99.536453
Sichuan,31.593678,98.626683
Sichuan,32.228763,99.305326
Sichuan,32.0126,99.1476
Sichuan,31.806118,98.580915
Sichuan,32.41876,99.05138
Sichuan,32.288865,99.155887
Sichuan,31.709623,98.917808
Sichuan,31.806118,98.580915
Sichuan,31.592414,98.6254
Sichuan,32.051271,99.457945
Sichuan,31.806118,98.580915
Sichuan,31.592414,98.6254
Sichuan,31.996871,99.488281
Sichuan,31.78137,98.64514
Sichuan,32.097436,99.459671
Sichuan,32.322291,98.391655
Sichuan,31.65045,98.78768
Sichuan,31.804057,99.461027
Sichuan,32.138586,99.372859
Sichuan,31.806118,98.580915
Sichuan,31.786666,98.463007
Sichuan,31.806118,98.580915
Sichuan,32.284447,98.992779
Sichuan,32.332475,98.375375
Sichuan,32.2811,99.1652
Sichuan,31.63006,98.775092
Sichuan,31.861403,99.280746
Sichuan,32.621683,99.114164
Sichuan,32.251856,98.379449
Sichuan,32.358285,98.960712
Sichuan,32.02676,98.684103
Sichuan,32.2067,99.3051
Sichuan,31.533702,98.698107
Sichuan,32.305,99.42835
Sichuan,32.4938,98.993945
Sichuan,32.081811,99.470822
Sichuan,31.806118,98.580915
Sichuan,32.282799,98.235257
Sichuan,32.869934,97.390473
Sichuan,32.41835,98.138945
Sichuan,32.784548,98.647956
Sichuan,33.109353,98.529569
Sichuan,32.516181,97.842239
Sichuan,32.934948,97.436805
Sichuan,33.397738,97.820442
Sichuan,33.060861,98.32195
Sichuan,32.669798,98.227278
Sichuan,32.926252,97.406536
Sichuan,33.030965,98.193947
Sichuan,32.829418,98.198267
Sichuan,32.934948,97.436805
Sichuan,32.505943,97.880873
Sichuan,32.577525,98.377585
Sichuan,32.717037,98.383456
Sichuan,32.516181,97.842239
Sichuan,33.130609,97.793004
Sichuan,32.55192,97.677524
Sichuan,32.450284,98.061945
Sichuan,33.15994,98.326394
Sichuan,32.464848,97.998674
Sichuan,33.222175,98.071596
Sichuan,32.768055,98.43425
Sichuan,33.397738,97.820442
Sichuan,33.222175,98.071596
Sichuan,32.427253,98.08771
Sichuan,33.43753,97.971338
Sichuan,32.860876,98.823018
Sichuan,32.464848,97.998674
Sichuan,32.577525,98.377585
Sichuan,32.652835,97.506629
Sichuan,32.467757,98.006384
Sichuan,32.637842,98.542248
Sichuan,32.834496,98.849291
Sichuan,32.754507,99.006167
Sichuan,32.516181,97.842239
Sichuan,33.258228,98.048622
Sichuan,32.893958,98.478654
Sichuan,32.577036,98.895204
Sichuan,33.212547,97.907941
Sichuan,33.019332,98.155548
Sichuan,32.922217,98.059308
Sichuan,32.70538,97.440758
Sichuan,32.948122,98.33323
Sichuan,32.950665,99.193212
Sichuan,32.439325,99.982966
Sichuan,32.709663,100.268008
Sichuan,32.147682,100.236777
Sichuan,31.926545,100.697131
Sichuan,32.262447,100.348662
Sichuan,32.390969,100.026223
Sichuan,31.922263,100.696858
Sichuan,32.784181,100.010037
Sichuan,32.367931,99.947678
Sichuan,32.13341,100.458308
Sichuan,31.821883,100.798681
Sichuan,32.329419,100.086884
Sichuan,32.720356,99.665653
Sichuan,31.899653,100.694569
Sichuan,32.321747,100.176608
Sichuan,32.268071,100.327689
Sichuan,32.105947,100.342235
Sichuan,32.842049,100.025846
Sichuan,32.256967,100.29492
Sichuan,31.867642,100.813821
Sichuan,31.988762,100.680027
Sichuan,32.642816,99.832731
Sichuan,32.13341,100.458308
Sichuan,31.98498,100.514281
Sichuan,32.365431,99.964883
Sichuan,32.262447,100.348662
Sichuan,31.899653,100.694569
Sichuan,32.020606,100.124654
Sichuan,32.193485,100.431898
Sichuan,32.638231,100.420335
Sichuan,30.541366,100.099547
Sichuan,29.908044,99.952317
Sichuan,30.576178,99.994352
Sichuan,30.296075,100.291255
Sichuan,29.985456,100.221299
Sichuan,30.022682,100.138356
Sichuan,30.401855,100.084762
Sichuan,29.634391,100.63455
Sichuan,30.432307,100.524995
Sichuan,30.449518,99.826578
Sichuan,29.098848,100.60466
Sichuan,29.725944,100.509909
Sichuan,29.743596,99.800824
Sichuan,29.708256,100.540989
Sichuan,29.756258,100.403762
Sichuan,29.127291,100.598048
Sichuan,29.9927,100.275056
Sichuan,29.320458,100.451235
Sichuan,30.03174,100.376011
Sichuan,29.758647,100.375188
Sichuan,30.444573,100.099295
Sichuan,29.611816,100.667295
Sichuan,29.996049,100.269818
Sichuan,30.459419,100.097145
Sichuan,30.553662,100.135823
Sichuan,29.843128,99.83303
Sichuan,30.283587,100.582342
Sichuan,29.641787,100.440026
Sichuan,29.320458,100.451235
Sichuan,29.762243,100.365324
Sichuan,30.335163,99.383831
Sichuan,30.392925,99.36914
Sichuan,29.456799,99.366968
Sichuan,29.431499,99.07142
Sichuan,30.075902,99.211826
Sichuan,30.186083,99.211673
Sichuan,30.004676,99.110714
Sichuan,30.003115,99.112968
Sichuan,30.004676,99.110714
Sichuan,30.009188,99.105043
Sichuan,29.170206,99.167861
Sichuan,30.275999,99.25752
Sichuan,30.004676,99.110714
Sichuan,29.95101,99.14719
Sichuan,30.517371,99.495492
Sichuan,30.004676,99.110714
Sichuan,30.089785,99.050826
Sichuan,29.2785,99.5524
Sichuan,29.099244,99.643938
Sichuan,28.7215,99.8853
Sichuan,28.9296,99.8002
Sichuan,27.717642,102.246852
Sichuan,27.831357,102.274844
Sichuan,27.755775,102.242551
Sichuan,27.722471,102.23697
Sichuan,28.050657,102.177196
Sichuan,27.826081,102.280159
Sichuan,27.893901,102.267962
Sichuan,27.782315,102.246992
Sichuan,27.895484,102.269218
Sichuan,27.782315,102.246992
Sichuan,27.717642,102.246852
Sichuan,27.722471,102.23697
Sichuan,28.160341,100.855031
Sichuan,27.38874,101.51331
Sichuan,27.403052,102.181406
Sichuan,27.38817,102.20051
Sichuan,27.402346,102.182031
Sichuan,27.39962,102.16103
Sichuan,27.499342,102.174083
Sichuan,27.1528,102.2481
Sichuan,27.374,102.24246
Sichuan,27.35094,102.19352
Sichuan,27.259774,102.146189
Sichuan,27.402216,102.189755
Sichuan,26.657362,102.24671
Sichuan,26.661602,102.242781
Sichuan,26.668967,102.254015
Sichuan,26.70722,102.25046
Sichuan,26.6213,102.5784
Sichuan,26.631976,102.577204
Sichuan,26.53358,102.466329
Sichuan,26.558826,102.46795
Sichuan,26.628175,102.577535
Sichuan,28.354873,102.311534
Sichuan,28.57981,102.243959
Sichuan,28.543771,102.170928
Sichuan,29.03579,102.55477
Sichuan,29.04518,102.718849
Sichuan,30.659952,104.041408
,26.549377,101.700933
,28.892725,105.448615
,31.1141,104.4179
,30.779347,105.693562
,29.600771,103.485501
,28.767375,104.621179
,27.831357,102.274844
,27.896142,102.275049
,27.831357,102.274844
,30.666732,104.068792
,30.578498,103.926335
,30.431057,104.204794
,30.225823,103.647878
,26.586432,101.742084
,26.55337,101.648859
,28.86588,105.4018
,28.916536,105.289579
,28.810785,105.827493
,28.16567,105.44226
,28.322105,105.423934
,28.03096,105.576926
,28.075216,105.864834
,27.84517,105.915012
,27.902097,106.202992
,28.029954,105.865035
,27.876891,106.031714
,27.992769,106.042686
,28.038816,105.812603
,28.086199,106.168296
,31.1141,104.4179
,31.217917,104.373909
,31.114139,104.41796
,31.245677,104.281497
,31.157689,104.450078
,31.333718,104.029048
,31.314423,104.016126
,29.59253,105.04067
,29.587836,105.069697
,29.594114,104.056867
,29.645222,104.075636
,29.539323,104.056428
,29.65127,104.069666
,29.54985,104.1267
,29.600771,103.485501
,29.568103,103.443558
,29.575721,103.407118
,29.600771,103.485501
,29.592514,103.378137
,29.575721,103.407118
,29.556225,103.4156
,29.559539,103.337076
,29.54872,103.345765
,30.042345,103.831752
,30.116489,103.703813
,30.159084,103.803384
,30.048482,103.625435
,30.117037,103.600474
,29.995101,103.703243
,30.055498,103.651376
,29.980744,103.665452
,30.116489,103.703813
,29.923006,103.750567
,30.002838,104.127649
,30.191084,103.865154
,29.907687,103.374907
,30.013167,103.512625
,29.828826,103.842918
,28.767375,104.621179
,30.704817,106.905737
,30.42512,106.736628
,30.435136,106.755886
,30.157032,106.688053
,30.157032,106.688053
,30.382556,106.80867
,29.533787,102.659863
,29.465088,102.611685
,29.305857,102.640711
,29.640092,102.463598
,29.35317,102.90299
,29.344461,102.614893
,30.136062,102.919522
,30.098715,102.926542
,30.3357,102.9953
,30.153319,102.923446
,30.55133,102.946419
,30.114398,104.911214
,30.114398,104.911214
,30.152014,104.988357
,30.114398,104.911214
,30.114398,104.911214
,33.410395,102.469289
,31.1152,101.2037
,31.586552,100.096978
,31.652812,99.694909
,31.576291,99.972368
,31.710176,99.693195
,31.6365,99.9786
,31.600931,100.030832
,32.193414,99.570762
,31.57851,100.072919
,31.752385,100.211045
,31.9494,100.2904
,31.661971,99.683927
,31.710176,99.693195
,32.195462,99.755989
,31.569581,100.112868
,32.193414,99.570762
,31.672363,99.697513
,31.672363,99.697513
,31.897319,99.646148
,31.630491,100.010677
,31.828632,100.182074
,31.642407,100.187242
,31.8119,99.5744
,31.7232,99.7589
,31.68748,99.741226
,31.625509,99.876091
,31.635331,99.854211
,31.647596,99.807413
,31.897319,99.646148
,31.648384,99.775205
,31.603808,100.018505
,31.752385,100.211045
,31.654506,100.020007
,31.603808,100.018505
,31.642407,100.187242
,31.609862,99.951097
,31.573675,100.002082
,31.60006,99.959614
,31.627145,99.881093
,31.57851,100.072919
,31.619857,100.093649
,31.20812,98.82438
,31.20812,98.82438
,31.074706,98.875838
,31.126169,98.993008
,31.034467,99.033029
,31.122525,99.12757
,31.185964,99.414036
,30.962216,99.25275
,31.038534,99.553308
,31.312708,98.954075
,31.436656,99.149578
,31.284631,99.1631
,31.284631,99.1631
,31.377081,99.120523
,31.571738,99.134738
,31.512092,99.148293
,31.512058,99.238959
,31.50467,99.332934
,31.50467,99.332934
,31.472576,99.322406
,31.472576,99.322406
,31.473048,99.323809
,31.040691,99.578639
,31.040691,99.578639
,30.864238,99.609616
,31.144584,99.583692
,31.29504,99.601997
,31.29504,99.601997
,30.89986,99.712773
,30.898446,99.629708
,30.701026,99.096732
,30.772612,99.081416
,30.803764,98.982037
,30.60318,99.195696
,30.622499,98.995086
,31.377081,99.120523
,32.8701,97.3907
,30.003115,99.112968
,29.352491,99.662213
,29.099244,99.643938
,29.28254,99.83284
,29.273851,99.638038
,29.130553,99.551126
,28.958328,99.777036
,29.023364,99.880387
,28.931172,99.798435
,28.775086,99.788071
,28.714948,99.889053
,28.958853,99.810522
,28.783442,99.820486
,28.826371,99.84343
,28.931172,99.798435
,28.931172,99.798435
,29.273588,99.545868
,28.840972,99.830647
,29.1397,99.9173
,28.931172,99.798435
,29.011295,99.862119
,29.1154,99.8528
,29.054086,100.326211
,29.037007,100.298403
,29.052486,100.211639
,29.037007,100.298403
,29.147171,100.144988
,28.799523,100.448276
,28.978836,100.276726
,28.978836,100.276726
,28.597876,100.280271
,29.187356,100.098007
,28.542363,100.316298
,28.740737,100.194938
,29.037007,100.298403
,28.777477,99.300037
,28.960105,99.401603
,28.929157,99.430659
,28.541603,99.328365
,28.404254,99.301504
,28.692756,99.216386
,27.826081,102.280159
,27.831357,102.274844
,27.831357,102.274844
,27.831357,102.274844
,27.826081,102.280159
,27.826081,102.280159
,27.826081,102.280159
,27.886597,102.214461
,27.892428,102.273573
,27.892674,102.26071
,27.76505,102.161955
,27.828266,102.143215
,27.782315,102.246992
,27.785339,102.252909
,27.949741,102.176817
,27.894496,102.264443
,27.717642,102.246852
,27.717642,102.246852
,27.783711,102.170697
,27.734332,102.16002
,27.889611,102.278281
,27.722471,102.23697
,27.8608,102.1506
,27.839688,102.153924
,27.8608,102.1506
,27.971362,102.176382
,27.783253,102.158778
,27.852387,102.263828
,27.582867,102.200065
,28.160341,100.855031
,27.954544,101.264726
,26.66198,102.24325
,26.657362,102.24671
,26.706909,102.249932
,26.668967,102.254015
,26.157117,102.027916
,26.170166,101.971687
,26.13029,101.903196
,26.449186,102.263971
,27.030627,102.261931
,26.706909,102.249932
,26.556152,102.204909
,26.668967,102.254015
,26.279763,101.971576
,26.668967,102.254015
,26.631621,102.263461
,26.662465,102.222448
,26.396106,102.18498