province,Latitude,Longitude,Name_Type
Hunan,28.256044,112.986077,Buddhism
Hunan,28.223382,112.977965,Buddhism
Hunan,28.317893,113.040159,Buddhism
Hunan,28.461606,113.338021,Buddhism
Hunan,28.465947,113.352557,Buddhism
Hunan,28.577049,113.401609,Buddhism
Hunan,28.532236,113.442564,Buddhism
Hunan,28.557244,113.390266,Buddhism
Hunan,28.237982,113.073733,Buddhism
Hunan,28.235101,112.931338,Buddhism
Hunan,28.463558,113.018711,Buddhism
Hunan,28.361034,112.817766,Buddhism
Hunan,28.116748,112.778633,Buddhism
Hunan,28.261849,112.832681,Buddhism
Hunan,28.116748,112.778633,Buddhism
Hunan,28.100402,112.921714,Buddhism
Hunan,28.403871,112.81116,Buddhism
Hunan,28.255314,112.597618,Buddhism
Hunan,27.942371,112.062928,Buddhism
Hunan,28.122419,113.459409,Buddhism
Hunan,28.16379,113.64328,Buddhism
Hunan,28.137172,113.629215,Buddhism
Hunan,28.346721,113.577208,Buddhism
Hunan,28.16379,113.64328,Buddhism
Hunan,28.323712,114.109324,Buddhism
Hunan,28.137256,113.629195,Buddhism
Hunan,27.909845,113.097739,Buddhism
Hunan,27.831038,113.123355,Buddhism
Hunan,27.827827,113.133775,Buddhism
Hunan,27.843554,113.26247,Buddhism
Hunan,27.000196,113.34542,Buddhism
Hunan,27.149618,113.641217,Buddhism
Hunan,27.014824,113.367746,Buddhism
Hunan,27.000196,113.34542,Buddhism
Hunan,27.180445,113.771189,Buddhism
Hunan,26.873072,113.645818,Buddhism
Hunan,26.795217,113.561933,Buddhism
Hunan,26.960252,113.883929,Buddhism
Hunan,26.777661,113.539224,Buddhism
Hunan,26.796591,113.524612,Buddhism
Hunan,26.661187,113.419826,Buddhism
Hunan,26.777661,113.539224,Buddhism
Hunan,26.661187,113.419826,Buddhism
Hunan,26.567643,113.605345,Buddhism
Hunan,26.777661,113.539224,Buddhism
Hunan,26.772539,113.546194,Buddhism
Hunan,26.95568,113.543692,Buddhism
Hunan,26.582979,113.418674,Buddhism
Hunan,26.945079,113.543345,Buddhism
Hunan,26.777661,113.539224,Buddhism
Hunan,26.795217,113.561933,Buddhism
Hunan,26.89109,113.874883,Buddhism
Hunan,26.81633,113.607402,Buddhism
Hunan,27.469084,113.257213,Buddhism
Hunan,27.447344,113.338895,Buddhism
Hunan,27.886165,113.497695,Buddhism
Hunan,27.43148,113.370298,Buddhism
Hunan,27.431396,113.338404,Buddhism
Hunan,27.856038,112.904362,Buddhism
Hunan,27.838231,113.001297,Buddhism
Hunan,27.626296,112.791606,Buddhism
Hunan,27.626296,112.791606,Buddhism
Hunan,27.717659,112.944385,Buddhism
Hunan,27.930906,112.849813,Buddhism
Hunan,27.553514,112.931286,Buddhism
Hunan,27.774058,112.954812,Buddhism
Hunan,27.915005,112.526502,Buddhism
Hunan,27.897778,112.537166,Buddhism
Hunan,27.24271,112.73714,Buddhism
Hunan,26.836154,112.426939,Buddhism
Hunan,26.934986,112.801759,Buddhism
Hunan,27.186915,113.27126,Buddhism
Hunan,27.0813,112.953247,Buddhism
Hunan,27.066091,113.131787,Buddhism
Hunan,27.219105,112.884986,Buddhism
Hunan,27.33188,112.940368,Buddhism
Hunan,27.21547,112.885767,Buddhism
Hunan,27.080796,112.947979,Buddhism
Hunan,26.881416,111.826957,Buddhism
Hunan,26.399976,112.885638,Buddhism
Hunan,26.421562,112.860208,Buddhism
Hunan,26.210581,112.762693,Buddhism
Hunan,26.476338,112.79186,Buddhism
Hunan,26.502779,113.043438,Buddhism
Hunan,26.375597,113.082505,Buddhism
Hunan,26.430308,112.779309,Buddhism
Hunan,26.417858,112.93476,Buddhism
Hunan,26.33669,112.913677,Buddhism
Hunan,26.33669,112.913677,Buddhism
Hunan,26.21406,112.932981,Buddhism
Hunan,26.508649,113.175513,Buddhism
Hunan,26.290795,112.766443,Buddhism
Hunan,26.499452,113.094347,Buddhism
Hunan,26.305367,112.798553,Buddhism
Hunan,26.442142,112.794625,Buddhism
Hunan,26.546434,113.092052,Buddhism
Hunan,26.421562,112.860208,Buddhism
Hunan,26.476338,112.79186,Buddhism
Hunan,26.476338,112.79186,Buddhism
Hunan,26.554197,113.025366,Buddhism
Hunan,26.392547,112.830739,Buddhism
Hunan,26.514134,113.103194,Buddhism
Hunan,26.514134,113.103194,Buddhism
Hunan,26.248268,112.913618,Buddhism
Hunan,26.37689,112.840002,Buddhism
Hunan,26.620405,112.836456,Buddhism
Hunan,26.467522,113.118347,Buddhism
Hunan,26.513812,113.092855,Buddhism
Hunan,26.542502,113.072637,Buddhism
Hunan,26.514134,113.103194,Buddhism
Hunan,26.37689,112.840002,Buddhism
Hunan,26.421562,112.860208,Buddhism
Hunan,26.514134,113.103194,Buddhism
Hunan,26.504869,113.09464,Buddhism
Hunan,26.535531,113.062098,Buddhism
Hunan,26.54864,113.067343,Buddhism
Hunan,27.232708,111.496341,Buddhism
Hunan,27.238949,111.510227,Buddhism
Hunan,27.238893,111.467791,Buddhism
Hunan,27.364283,111.303195,Buddhism
Hunan,27.266306,111.315016,Buddhism
Hunan,27.384294,111.272796,Buddhism
Hunan,27.23348,111.325101,Buddhism
Hunan,26.990787,111.091793,Buddhism
Hunan,26.978151,111.181548,Buddhism
Hunan,26.845966,111.183482,Buddhism
Hunan,26.841735,111.151231,Buddhism
Hunan,26.861864,111.326172,Buddhism
Hunan,26.842146,111.151421,Buddhism
Hunan,26.876509,111.431819,Buddhism
Hunan,26.776334,111.249895,Buddhism
Hunan,26.990787,111.091793,Buddhism
Hunan,26.990787,111.091793,Buddhism
Hunan,26.985953,111.143341,Buddhism
Hunan,26.944849,111.403347,Buddhism
Hunan,26.995628,111.278579,Buddhism
Hunan,26.849219,111.23063,Buddhism
Hunan,27.056212,111.348599,Buddhism
Hunan,27.015633,111.16234,Buddhism
Hunan,27.113978,111.032438,Buddhism
Hunan,27.113978,111.032438,Buddhism
Hunan,27.113978,111.032438,Buddhism
Hunan,27.235707,110.989415,Buddhism
Hunan,27.083688,110.975643,Buddhism
Hunan,27.118154,111.040941,Buddhism
Hunan,27.246106,111.053059,Buddhism
Hunan,27.113978,111.032438,Buddhism
Hunan,27.155766,111.103089,Buddhism
Hunan,27.068043,110.959133,Buddhism
Hunan,27.205969,110.968859,Buddhism
Hunan,27.113978,111.032438,Buddhism
Hunan,27.28711,110.936234,Buddhism
Hunan,27.33639,110.974941,Buddhism
Hunan,27.083688,110.975643,Buddhism
Hunan,27.49986,111.007169,Buddhism
Hunan,27.069104,111.018219,Buddhism
Hunan,27.113978,111.032438,Buddhism
Hunan,27.113978,111.032438,Buddhism
Hunan,27.544525,110.897774,Buddhism
Hunan,27.083688,110.975643,Buddhism
Hunan,27.308417,110.911872,Buddhism
Hunan,27.231885,110.577311,Buddhism
Hunan,27.142373,110.752324,Buddhism
Hunan,27.060321,110.575846,Buddhism
Hunan,26.913476,110.234156,Buddhism
Hunan,26.706879,110.143081,Buddhism
Hunan,26.942112,110.205572,Buddhism
Hunan,27.110874,110.365612,Buddhism
Hunan,26.638152,110.206092,Buddhism
Hunan,26.578173,110.163316,Buddhism
Hunan,26.545377,110.15012,Buddhism
Hunan,26.581955,110.155655,Buddhism
Hunan,26.761507,110.334102,Buddhism
Hunan,26.637781,110.162019,Buddhism
Hunan,26.850379,110.461218,Buddhism
Hunan,26.857968,110.467239,Buddhism
Hunan,26.744479,110.45312,Buddhism
Hunan,26.581955,110.155655,Buddhism
Hunan,26.862694,110.326268,Buddhism
Hunan,26.433418,110.856623,Buddhism
Hunan,26.503196,110.771239,Buddhism
Hunan,26.548932,110.766108,Buddhism
Hunan,26.433418,110.856623,Buddhism
Hunan,26.558433,110.778369,Buddhism
Hunan,26.348345,110.600553,Buddhism
Hunan,26.456508,110.643416,Buddhism
Hunan,26.679593,110.926972,Buddhism
Hunan,26.534829,111.18472,Buddhism
Hunan,26.429294,110.851361,Buddhism
Hunan,26.840061,111.050046,Buddhism
Hunan,26.46541,110.88908,Buddhism
Hunan,26.433418,110.856623,Buddhism
Hunan,26.664182,111.199423,Buddhism
Hunan,26.453922,110.765048,Buddhism
Hunan,26.631478,110.935738,Buddhism
Hunan,26.442342,110.859584,Buddhism
Hunan,26.433418,110.856623,Buddhism
Hunan,26.423292,110.556704,Buddhism
Hunan,26.419213,110.579564,Buddhism
Hunan,26.537447,110.743817,Buddhism
Hunan,26.527912,110.792881,Buddhism
Hunan,26.509979,110.811526,Buddhism
Hunan,26.562678,110.951307,Buddhism
Hunan,26.73623,111.002396,Buddhism
Hunan,26.433418,110.856623,Buddhism
Hunan,26.429294,110.851361,Buddhism
Hunan,26.495244,110.841081,Buddhism
Hunan,26.573495,110.989558,Buddhism
Hunan,26.548932,110.766108,Buddhism
Hunan,26.522742,111.22239,Buddhism
Hunan,26.502628,110.922671,Buddhism
Hunan,26.859115,111.025718,Buddhism
Hunan,26.443872,110.782812,Buddhism
Hunan,26.466355,110.425743,Buddhism
Hunan,26.593912,110.604131,Buddhism
Hunan,26.48716,110.444561,Buddhism
Hunan,26.241254,110.36201,Buddhism
Hunan,26.614711,110.577348,Buddhism
Hunan,26.355278,110.3119,Buddhism
Hunan,26.377025,110.454031,Buddhism
Hunan,26.355278,110.3119,Buddhism
Hunan,26.355278,110.3119,Buddhism
Hunan,26.374023,110.328803,Buddhism
Hunan,26.47045,110.352446,Buddhism
Hunan,26.562507,110.455158,Buddhism
Hunan,26.355278,110.3119,Buddhism
Hunan,26.326379,110.370858,Buddhism
Hunan,26.355278,110.3119,Buddhism
Hunan,26.47045,110.352446,Buddhism
Hunan,26.355278,110.3119,Buddhism
Hunan,26.194986,110.364142,Buddhism
Hunan,26.473431,110.516653,Buddhism
Hunan,26.674715,110.455384,Buddhism
Hunan,26.608589,110.490372,Buddhism
Hunan,26.65797,110.795878,Buddhism
Hunan,26.726599,110.631884,Buddhism
Hunan,29.440375,113.170811,Buddhism
Hunan,29.22962,113.52973,Buddhism
Hunan,29.533273,112.629828,Buddhism
Hunan,29.515668,112.567731,Buddhism
Hunan,29.398925,112.592408,Buddhism
Hunan,28.576647,112.870047,Buddhism
Hunan,29.028766,111.697912,Buddhism
Hunan,28.650488,111.552968,Buddhism
Hunan,28.899317,111.956241,Buddhism
Hunan,28.706562,111.878713,Buddhism
Hunan,29.674401,111.682255,Buddhism
Hunan,29.773912,111.572487,Buddhism
Hunan,29.556854,111.485413,Buddhism
Hunan,29.605201,111.868561,Buddhism
Hunan,29.60548,111.877499,Buddhism
Hunan,29.321164,111.80322,Buddhism
Hunan,29.125138,110.484509,Buddhism
Hunan,29.31067,110.04559,Buddhism
Hunan,28.611755,112.345392,Buddhism
Hunan,28.606757,112.18797,Buddhism
Hunan,28.494298,112.335521,Buddhism
Hunan,28.582464,112.337426,Buddhism
Hunan,28.43764,112.507147,Buddhism
Hunan,28.579343,112.374024,Buddhism
Hunan,29.298981,112.419226,Buddhism
Hunan,29.285346,112.563427,Buddhism
Hunan,29.373664,112.404516,Buddhism
Hunan,29.368078,112.415594,Buddhism
Hunan,28.518085,112.155822,Buddhism
Hunan,28.621804,111.812751,Buddhism
Hunan,28.258326,112.010384,Buddhism
Hunan,28.630424,111.732772,Buddhism
Hunan,28.275537,112.004093,Buddhism
Hunan,28.518085,112.155822,Buddhism
Hunan,25.56063,112.72111,Buddhism
Hunan,25.740766,113.035532,Buddhism
Hunan,25.81823,113.037424,Buddhism
Hunan,25.75061,113.090245,Buddhism
Hunan,25.537369,112.691267,Buddhism
Hunan,25.701005,112.622635,Buddhism
Hunan,25.504706,112.673678,Buddhism
Hunan,26.115857,112.71854,Buddhism
Hunan,25.691014,112.66318,Buddhism
Hunan,25.672295,112.733684,Buddhism
Hunan,25.504589,112.708241,Buddhism
Hunan,25.738171,112.746131,Buddhism
Hunan,25.754116,112.734141,Buddhism
Hunan,25.731191,112.570781,Buddhism
Hunan,25.504589,112.708241,Buddhism
Hunan,26.102002,112.509432,Buddhism
Hunan,25.665895,112.646747,Buddhism
Hunan,25.655955,112.663578,Buddhism
Hunan,25.537369,112.691267,Buddhism
Hunan,25.48644,112.705761,Buddhism
Hunan,26.468031,113.24305,Buddhism
Hunan,26.073362,112.905513,Buddhism
Hunan,26.138606,112.920511,Buddhism
Hunan,26.127151,113.116527,Buddhism
Hunan,26.127151,113.116527,Buddhism
Hunan,26.099315,113.084957,Buddhism
Hunan,26.045223,113.03479,Buddhism
Hunan,26.127151,113.116527,Buddhism
Hunan,26.124338,113.10944,Buddhism
Hunan,26.148114,113.022143,Buddhism
Hunan,26.266732,113.132398,Buddhism
Hunan,26.045223,113.03479,Buddhism
Hunan,26.286903,113.517199,Buddhism
Hunan,26.068239,113.14775,Buddhism
Hunan,26.127151,113.116527,Buddhism
Hunan,26.127151,113.116527,Buddhism
Hunan,26.127151,113.116527,Buddhism
Hunan,26.315651,113.497716,Buddhism
Hunan,26.073362,112.905513,Buddhism
Hunan,26.36818,113.278911,Buddhism
Hunan,26.039386,112.929814,Buddhism
Hunan,26.192576,113.189603,Buddhism
Hunan,26.287895,113.14272,Buddhism
Hunan,26.222946,113.113167,Buddhism
Hunan,26.127151,113.116527,Buddhism
Hunan,26.262883,113.116555,Buddhism
Hunan,26.140354,112.929323,Buddhism
Hunan,26.17446,113.423084,Buddhism
Hunan,26.172656,112.802312,Buddhism
Hunan,26.127151,113.116527,Buddhism
Hunan,26.076517,113.061404,Buddhism
Hunan,26.103109,112.891534,Buddhism
Hunan,26.145747,113.200416,Buddhism
Hunan,26.324757,113.490896,Buddhism
Hunan,26.210993,113.172792,Buddhism
Hunan,26.14573,113.104577,Buddhism
Hunan,26.131087,113.119237,Buddhism
Hunan,26.099315,113.084957,Buddhism
Hunan,26.282872,113.183808,Buddhism
Hunan,26.075689,113.094057,Buddhism
Hunan,26.062201,112.991509,Buddhism
Hunan,26.204084,113.151819,Buddhism
Hunan,26.151616,113.154383,Buddhism
Hunan,26.202062,113.166137,Buddhism
Hunan,26.141193,112.881779,Buddhism
Hunan,26.422962,113.250334,Buddhism
Hunan,26.127151,113.116527,Buddhism
Hunan,26.319803,113.146862,Buddhism
Hunan,26.208952,113.188331,Buddhism
Hunan,26.070079,112.85964,Buddhism
Hunan,26.276083,113.473664,Buddhism
Hunan,26.035975,112.883177,Buddhism
Hunan,26.346858,113.280399,Buddhism
Hunan,26.045223,113.03479,Buddhism
Hunan,25.232713,112.606908,Buddhism
Hunan,25.274554,112.552868,Buddhism
Hunan,25.227096,112.589781,Buddhism
Hunan,25.302799,112.679549,Buddhism
Hunan,25.27556,112.563456,Buddhism
Hunan,26.434843,113.424885,Buddhism
Hunan,26.512664,113.499665,Buddhism
Hunan,26.532782,113.366729,Buddhism
Hunan,26.439263,113.491286,Buddhism
Hunan,26.503885,113.229636,Buddhism
Hunan,26.434843,113.424885,Buddhism
Hunan,26.506128,113.257971,Buddhism
Hunan,26.52566,113.215274,Buddhism
Hunan,26.541448,113.197524,Buddhism
Hunan,26.503885,113.229636,Buddhism
Hunan,26.446857,112.004552,Buddhism
Hunan,26.591109,111.867055,Buddhism
Hunan,26.424403,111.985196,Buddhism
Hunan,26.503245,112.008524,Buddhism
Hunan,26.424403,111.985196,Buddhism
Hunan,26.312913,112.077638,Buddhism
Hunan,26.43635,111.249335,Buddhism
Hunan,26.394404,111.314117,Buddhism
Hunan,26.437296,111.327038,Buddhism
Hunan,26.630488,111.331683,Buddhism
Hunan,26.397883,111.335603,Buddhism
Hunan,27.554058,109.933196,Buddhism
Hunan,27.681006,110.007334,Buddhism
Hunan,27.549428,109.965093,Buddhism
Hunan,27.610243,109.98819,Buddhism
Hunan,28.455968,110.423815,Buddhism
Hunan,28.006336,110.183917,Buddhism
Hunan,28.052786,110.256815,Buddhism
Hunan,27.830589,110.070295,Buddhism
Hunan,28.043219,110.195043,Buddhism
Hunan,27.835936,110.20381,Buddhism
Hunan,27.767289,110.21157,Buddhism
Hunan,27.992893,110.186313,Buddhism
Hunan,27.775177,110.45927,Buddhism
Hunan,28.028707,110.21023,Buddhism
Hunan,28.18607,110.291068,Buddhism
Hunan,27.674503,110.434384,Buddhism
Hunan,27.834452,110.100244,Buddhism
Hunan,28.116199,110.253052,Buddhism
Hunan,27.965352,110.106263,Buddhism
Hunan,28.006343,110.183928,Buddhism
Hunan,27.987912,110.306576,Buddhism
Hunan,27.808319,110.360381,Buddhism
Hunan,28.006343,110.183928,Buddhism
Hunan,28.000673,110.403967,Buddhism
Hunan,27.680608,110.469415,Buddhism
Hunan,28.093353,110.160907,Buddhism
Hunan,27.721059,110.492413,Buddhism
Hunan,27.716792,110.391535,Buddhism
Hunan,28.088742,110.114744,Buddhism
Hunan,28.006343,110.183928,Buddhism
Hunan,27.909885,110.218572,Buddhism
Hunan,27.671223,110.354157,Buddhism
Hunan,28.006343,110.183928,Buddhism
Hunan,27.868468,110.148773,Buddhism
Hunan,27.873048,110.278575,Buddhism
Hunan,28.025076,110.228905,Buddhism
Hunan,27.65538,110.347325,Buddhism
Hunan,28.004788,110.198627,Buddhism
Hunan,27.940922,110.108526,Buddhism
Hunan,27.674503,110.434384,Buddhism
Hunan,28.007439,110.165155,Buddhism
Hunan,27.955878,110.232439,Buddhism
Hunan,28.006343,110.183928,Buddhism
Hunan,28.064905,110.481294,Buddhism
Hunan,27.886448,110.091464,Buddhism
Hunan,27.369909,109.168839,Buddhism
Hunan,26.575081,109.696246,Buddhism
Hunan,27.115798,110.004657,Buddhism
Hunan,27.673272,112.023627,Buddhism
Hunan,27.532228,112.078963,Buddhism
Hunan,27.598839,112.229891,Buddhism
Hunan,27.606133,112.043682,Buddhism
Hunan,27.402966,112.19584,Buddhism
Hunan,27.459144,112.192446,Buddhism
Hunan,27.847055,111.613618,Buddhism
Hunan,27.980423,111.067094,Buddhism
Hunan,27.720585,111.329404,Buddhism
Hunan,27.634649,111.185582,Buddhism
Hunan,27.757143,111.295231,Buddhism
Hunan,27.98266,111.186351,Buddhism
Hunan,27.734613,111.285838,Buddhism
Hunan,27.946639,111.111026,Buddhism
Hunan,27.772995,110.914993,Buddhism
Hunan,27.734613,111.285838,Buddhism
Hunan,27.653494,111.332209,Buddhism
Hunan,27.869272,111.517615,Buddhism
Hunan,28.097975,111.207757,Buddhism
Hunan,27.648896,111.194368,Buddhism
Hunan,28.090072,111.377757,Buddhism
Hunan,27.653494,111.332209,Buddhism
Hunan,27.692542,111.664316,Buddhism
Hunan,27.950601,111.799988,Buddhism
Hunan,27.584126,111.902684,Buddhism
Hunan,27.81789,111.873363,Buddhism
Hunan,27.904336,111.847943,Buddhism
Hunan,27.679159,111.686976,Buddhism
Hunan,27.679159,111.686976,Buddhism
Hunan,27.565808,111.770311,Buddhism
Hunan,27.686014,111.902131,Buddhism
Hunan,27.830513,111.899856,Buddhism
Hunan,27.529184,111.964752,Buddhism
Hunan,27.79733,111.677401,Buddhism
Hunan,27.654601,111.647214,Buddhism
Hunan,27.775014,111.889673,Buddhism
Hunan,27.575814,111.779758,Buddhism
Hunan,27.773008,111.889592,Buddhism
Hunan,27.687842,111.652629,Buddhism
Hunan,27.950601,111.799988,Buddhism
Hunan,27.877061,111.762499,Buddhism
Hunan,27.692542,111.664316,Buddhism
Hunan,27.679159,111.686976,Buddhism
Hunan,27.686014,111.902131,Buddhism
Hunan,27.898035,111.858814,Buddhism
Hunan,27.584126,111.902684,Buddhism
Hunan,27.900476,111.859577,Buddhism
Hunan,27.635823,111.777957,Buddhism
Hunan,27.5741,111.748562,Buddhism
Hunan,27.900476,111.859577,Buddhism
Hunan,27.686014,111.902131,Buddhism
Hunan,27.692542,111.664316,Buddhism
Hunan,27.584126,111.902684,Buddhism
Hunan,27.615863,111.821822,Buddhism
Hunan,27.615863,111.821822,Buddhism
Hunan,27.877061,111.762499,Buddhism
Hunan,27.686014,111.902131,Buddhism
Hunan,27.686014,111.902131,Buddhism
Hunan,27.68001,111.684193,Buddhism
Hunan,27.692542,111.664316,Buddhism
Hunan,27.819615,111.862945,Buddhism
Hunan,28.253414,109.690949,Buddhism
Hunan,28.26236,109.698092,Buddhism
Hunan,28.26236,109.698092,Buddhism
Hunan,28.26236,109.698092,Buddhism
Hunan,28.26236,109.698092,Buddhism
Hunan,28.26236,109.698092,Buddhism
Hunan,28.322746,109.595967,Buddhism
Hunan,28.221079,109.817549,Buddhism
Hunan,28.261368,109.740618,Buddhism
Hunan,28.311805,109.72646,Buddhism
Hunan,28.32071,109.74084,Buddhism
Hunan,28.25629,109.703196,Buddhism
Hunan,28.263997,109.708812,Buddhism
Hunan,28.263997,109.708812,Buddhism
Hunan,27.849422,109.53101,Buddhism
Hunan,28.077999,109.733832,Buddhism
Hunan,27.825779,109.513347,Buddhism
Hunan,27.775389,109.440922,Buddhism
Hunan,28.181383,109.477997,Buddhism
Hunan,28.194024,109.658324,Buddhism
Hunan,28.103128,109.610263,Buddhism
Hunan,27.849422,109.53101,Buddhism
Hunan,27.946173,109.607501,Buddhism
Hunan,27.987322,109.597652,Buddhism
Hunan,28.043222,109.723844,Buddhism
Hunan,28.2176,109.6627,Buddhism
Hunan,28.61949,109.94828,Buddhism
Hunan,29.00266,109.85148,Buddhism
Hunan,29.150874,110.203086,Buddhism
Hunan,29.18229,109.91675,Buddhism
Hunan,29.33946,109.94179,Buddhism
Hunan,29.18296,109.92051,Buddhism
Hunan,29.006,109.8554,Buddhism
Hunan,28.73873,109.94649,Buddhism
Hunan,28.82287,110.14006,Buddhism
Hunan,28.743843,109.947042,Buddhism
Hunan,29.0003,109.8589,Buddhism
Hunan,28.893584,110.115292,Buddhism
Hunan,26.725815,110.634221,Buddhism
Hunan,27.122964,109.9844,Buddhism
Hunan,27.24271,112.73714,Buddhism
Hunan,27.143161,110.881101,Buddhism
Hunan,26.973944,110.654877,Buddhism
Hunan,27.06767,110.724646,Buddhism
Hunan,26.94345,110.671595,Buddhism
Hunan,26.954411,110.685535,Buddhism
Hunan,27.009126,110.62721,Buddhism
Hunan,26.951091,110.624192,Buddhism
Hunan,26.928112,110.625878,Buddhism
Hunan,26.94683,110.681837,Buddhism
Hunan,27.040036,110.771634,Buddhism
Hunan,27.110616,110.721171,Buddhism
Hunan,27.098782,110.830782,Buddhism
Hunan,27.05489,110.839586,Buddhism
Hunan,27.070078,110.801649,Buddhism
Hunan,27.087409,110.837484,Buddhism
Hunan,26.965837,110.90203,Buddhism
Hunan,27.060321,110.575846,Buddhism
Hunan,27.020848,110.851537,Buddhism
Hunan,27.060321,110.575846,Buddhism
Hunan,27.061451,110.817597,Buddhism
Hunan,27.055524,110.575261,Buddhism
Hunan,27.060321,110.575846,Buddhism
Hunan,27.179294,110.63219,Buddhism
Hunan,26.959743,110.599825,Buddhism
Hunan,27.188939,110.706872,Buddhism
Hunan,27.060321,110.575846,Buddhism
Hunan,26.976965,110.518865,Buddhism
Hunan,26.928169,110.576359,Buddhism
Hunan,27.040293,110.594906,Buddhism
Hunan,27.060321,110.575846,Buddhism
Hunan,27.18733,110.802693,Buddhism
Hunan,27.057838,110.831057,Buddhism
Hunan,27.088209,110.36147,Buddhism
Hunan,27.087476,110.686487,Buddhism
Hunan,27.041294,110.736067,Buddhism
Hunan,27.137043,110.679278,Buddhism
Hunan,27.312895,110.687154,Buddhism
Hunan,27.239454,110.782955,Buddhism
Hunan,27.000813,110.851529,Buddhism
Hunan,27.060321,110.575846,Buddhism
Hunan,27.001616,110.913026,Buddhism
Hunan,27.046795,110.409629,Buddhism
Hunan,26.992582,110.67365,Buddhism
Hunan,27.140194,110.436151,Buddhism
Hunan,27.068052,110.74685,Buddhism
Hunan,27.163421,110.543518,Buddhism
Hunan,27.060321,110.575846,Buddhism
Hunan,27.011673,110.453136,Buddhism
Hunan,27.032019,110.536985,Buddhism
Hunan,27.060321,110.575846,Buddhism
Hunan,27.060321,110.575846,Buddhism
Hunan,27.081133,110.552295,Buddhism
Hunan,27.039424,110.792854,Buddhism
Hunan,27.096728,110.760005,Buddhism
Hunan,27.020848,110.851537,Buddhism
Hunan,26.913231,110.544212,Buddhism
Hunan,27.020686,110.75311,Buddhism
Hunan,26.999962,110.531415,Buddhism
Hunan,27.182243,110.787093,Buddhism
Hunan,27.140629,110.623243,Buddhism
Hunan,27.00592,110.685675,Buddhism
Hunan,26.628044,110.567387,Buddhism
Hunan,26.628044,110.567387,Buddhism
Hunan,26.726599,110.631884,Buddhism
Hunan,26.726599,110.631884,Buddhism
Hunan,26.691378,110.622781,Buddhism
Hunan,26.726599,110.631884,Buddhism
Hunan,26.604238,110.739751,Buddhism
Hunan,26.604238,110.739751,Buddhism
Hunan,26.599746,110.735147,Buddhism
Hunan,26.586695,110.743101,Buddhism
Hunan,26.625581,110.673468,Buddhism
Hunan,26.726599,110.631884,Buddhism
Hunan,26.999322,110.996233,Buddhism
Hunan,26.726599,110.631884,Buddhism
Hunan,26.726599,110.631884,Buddhism
Hunan,26.877537,110.85318,Buddhism
Hunan,26.751358,110.800453,Buddhism
Hunan,26.708467,110.812139,Buddhism
Hunan,26.644902,110.669147,Buddhism
Hunan,26.892247,110.954684,Buddhism
Hunan,26.976413,110.941254,Buddhism
Hunan,26.724174,110.801038,Buddhism
Hunan,26.617523,110.712113,Buddhism
Hunan,26.726599,110.631884,Buddhism
Hunan,26.726599,110.631884,Buddhism
Hunan,26.726599,110.631884,Buddhism
Hunan,26.726599,110.631884,Buddhism
Hunan,26.869342,110.736899,Buddhism
Hunan,26.697001,110.666582,Buddhism
Hunan,26.72001,110.58799,Buddhism
Hunan,26.763895,110.567056,Buddhism
Hunan,26.866175,110.646179,Buddhism
Hunan,26.591898,110.775102,Buddhism
Hunan,26.778065,110.556377,Buddhism
Hunan,29.038037,111.412537,Buddhism
Hunan,26.049058,111.956937,Buddhism
Hunan,27.758307,109.67958,Buddhism
Hunan,27.705355,109.697485,Buddhism
Hunan,27.659516,109.676999,Buddhism
Hunan,27.865563,109.802574,Buddhism
Hunan,27.642061,109.57558,Buddhism
Hunan,27.634919,109.535336,Buddhism
Hunan,27.854424,109.807767,Buddhism
Hunan,27.865548,109.802587,Buddhism
Hunan,27.707369,109.598446,Buddhism
Hunan,27.819075,109.702843,Buddhism
Hunan,27.819412,109.634572,Buddhism
Hunan,27.863057,109.654319,Buddhism
Hunan,27.915992,109.71342,Buddhism
Hunan,27.849386,109.812117,Buddhism
Hunan,27.831922,109.822061,Buddhism
Hunan,27.849386,109.812117,Buddhism
Hunan,27.882867,109.81603,Buddhism
Hunan,27.875384,109.811219,Buddhism
Hunan,27.859323,109.855425,Buddhism
Hunan,27.949221,109.925357,Buddhism
Hunan,27.879432,109.940612,Buddhism
Hunan,27.865563,109.802574,Buddhism
Hunan,27.948311,110.06151,Buddhism
Hunan,27.900105,110.012105,Buddhism
Hunan,27.836382,110.0021,Buddhism
Hunan,27.889295,110.043727,Buddhism
Hunan,27.896385,110.040597,Buddhism
Hunan,27.203906,109.833838,Buddhism
Hunan,27.141357,110.028791,Buddhism
Hunan,27.13982,110.020762,Buddhism
Hunan,27.215509,110.400328,Buddhism
Hunan,27.203906,109.833838,Buddhism
Hunan,27.122964,109.9844,Buddhism
Hunan,28.72253,109.635087,Buddhism
Hunan,28.685326,109.302615,Buddhism
Hunan,28.672215,109.297864,Buddhism
Hunan,28.69813,109.660032,Buddhism
Hunan,28.708885,109.65043,Buddhism
Hunan,28.619924,109.342495,Buddhism
Hunan,28.839229,109.644327,Buddhism
Hunan,28.636728,109.410682,Buddhism
Hunan,28.708885,109.65043,Buddhism
Hunan,28.731115,109.523446,Buddhism
Hunan,28.737556,109.673341,Buddhism
Hunan,27.553514,112.931286,Buddhism
Hunan,27.249856,112.732364,Buddhism
Hunan,27.268197,112.716421,Buddhism
Hunan,27.243499,112.732185,Buddhism
Hunan,27.268197,112.716421,Buddhism
Hunan,27.268197,112.716421,Buddhism
Hunan,27.268197,112.716421,Buddhism
Hunan,27.270804,112.686739,Buddhism
Hunan,27.268197,112.716421,Buddhism
Hunan,27.268197,112.716421,Buddhism
Hunan,27.243499,112.732185,Buddhism
Hunan,27.268197,112.716421,Buddhism
Hunan,27.242731,112.737696,Buddhism
Hunan,27.231595,112.616477,Buddhism
Hunan,27.313428,112.669371,Buddhism
Hunan,27.060321,110.575846,Buddhism
Hunan,27.060321,110.575846,Buddhism
Hunan,26.899386,110.688414,Buddhism
Hunan,27.060321,110.575846,Buddhism
Hunan,27.002149,110.876758,Buddhism
Hunan,26.988287,110.85466,Buddhism
Hunan,26.990975,110.721046,Buddhism
Hunan,27.060321,110.575846,Buddhism
Hunan,27.021132,110.853163,Buddhism
Hunan,27.066778,110.881007,Buddhism
Hunan,27.021093,110.851572,Buddhism
Hunan,26.981308,110.835618,Buddhism
Hunan,26.967484,110.843978,Buddhism
Hunan,26.987811,110.776415,Buddhism
Hunan,26.95241,110.930552,Buddhism
Hunan,27.315888,110.684736,Buddhism
Hunan,26.984561,110.768101,Buddhism
Hunan,27.024246,110.84543,Buddhism
Hunan,27.021093,110.851572,Buddhism
Hunan,26.958638,110.559535,Buddhism
Hunan,27.060321,110.575846,Buddhism
Hunan,27.060321,110.575846,Buddhism
Hunan,27.142373,110.752324,Buddhism
Hunan,27.122864,110.614104,Buddhism
Hunan,27.247028,110.777125,Buddhism
Hunan,27.276227,110.743095,Buddhism
Hunan,27.140194,110.436151,Buddhism
Hunan,27.146992,110.749995,Buddhism
Hunan,26.979444,110.648358,Buddhism
Hunan,27.270058,110.732952,Buddhism
Hunan,27.192716,110.647554,Buddhism
Hunan,27.060321,110.575846,Buddhism
Hunan,27.262165,110.774595,Buddhism
Hunan,27.060321,110.575846,Buddhism
Hunan,27.252581,110.711197,Buddhism
Hunan,27.272425,110.664122,Buddhism
Hunan,27.060321,110.575846,Buddhism
Hunan,27.009126,110.62721,Buddhism
Hunan,27.214717,110.770118,Buddhism
Hunan,27.191101,110.771533,Buddhism
Hunan,27.060321,110.575846,Buddhism
Hunan,27.094374,110.671044,Buddhism
Hunan,27.068907,110.242247,Buddhism
Hunan,27.246469,110.471261,Buddhism
Hunan,27.191403,110.415032,Buddhism
Hunan,27.11219,110.209399,Buddhism
Hunan,27.040293,110.594906,Buddhism
Hunan,26.954411,110.685535,Buddhism
Hunan,27.060321,110.575846,Buddhism
Hunan,27.017206,110.830093,Buddhism
Hunan,27.078081,110.583177,Buddhism
Hunan,26.888355,110.756873,Buddhism
Hunan,26.726599,110.631884,Buddhism
Hunan,29.357104,113.128958,Buddhism
Hunan,29.357104,113.128958,Buddhism
Hunan,29.357104,113.128958,Buddhism
Hunan,29.357104,113.128958,Buddhism
Hunan,29.357104,113.128958,Buddhism
Hunan,29.357104,113.128958,Buddhism
Hunan,29.357104,113.128958,Buddhism
Hunan,29.357104,113.128958,Buddhism
Hunan,29.357104,113.128958,Buddhism
Hunan,29.357104,113.128958,Buddhism
Hunan,29.357104,113.128958,Buddhism
Hunan,29.357104,113.128958,Buddhism
Hunan,29.357104,113.128958,Buddhism
Hunan,29.357104,113.128958,Buddhism
Hunan,29.357104,113.128958,Buddhism
Hunan,29.357104,113.128958,Buddhism
Hunan,28.701868,113.581234,Buddhism
Hunan,28.817549,113.242571,Buddhism
Hunan,28.869587,113.101249,Buddhism
Hunan,25.81823,113.037424,Buddhism
Hunan,25.820499,113.06065,Buddhism
Hunan,26.221882,111.631136,Buddhism
Hunan,26.081991,111.453624,Buddhism
Hunan,26.03266,111.52064,Buddhism
Hunan,26.109556,111.346825,Buddhism
Hunan,26.17622,111.651411,Buddhism
Hunan,26.208252,111.611244,Buddhism
Hunan,26.208252,111.611244,Buddhism
Hunan,26.208252,111.611244,Buddhism
Hunan,26.221882,111.631136,Buddhism
Hunan,26.554794,111.823721,Buddhism
Hunan,27.554201,111.36708,Buddhism
Hunan,27.906316,111.856928,Buddhism
Hunan,27.904336,111.847943,Buddhism
Hunan,27.865507,111.864981,Buddhism